8911,18,10,LOSS
8911,18,14,LOSS
8911,13,14,WIN
8911,13,15,WIN
8911,12,10,LOSS
8911,12,17,WIN
8911,13,9,LOSS
8911,14,6,LOSS
8911,18,20,WIN
8911,13,18,WIN
8911,9,15,WIN
8911,17,19,WIN
8911,21,13,LOSS
8911,19,12,LOSS
8911,18,19,WIN
8911,14,9,LOSS
8911,15,19,WIN
8911,14,7,LOSS
8911,9,17,WIN
8911,20,18,LOSS
8911,19,13,LOSS
8911,7,24,LOSS
8911,13,15,WIN
8911,13,25,LOSS
8911,8,11,WIN
8911,21,16,LOSS
8911,21,20,LOSS
8911,20,18,LOSS
8911,16,12,LOSS
8911,13,20,WIN
8911,10,20,WIN
8911,21,24,LOSS
8911,13,17,WIN
8911,4,25,LOSS
8911,14,17,WIN
8911,13,19,WIN
8911,18,25,LOSS
8911,15,13,LOSS
8911,18,18,LOSS
8911,20,19,LOSS
8911,21,14,LOSS
8911,19,14,LOSS
8911,17,21,WIN
8911,20,13,LOSS
8911,18,13,LOSS
8911,14,7,LOSS
8911,20,14,LOSS
8911,13,9,LOSS
8911,16,12,LOSS
8911,12,23,LOSS
8911,10,8,LOSS
8911,9,13,WIN
8911,19,15,LOSS
8911,19,20,WIN
8911,10,10,LOSS
8911,12,13,WIN
8911,12,20,WIN
8911,18,9,LOSS
8911,14,20,WIN
8911,9,18,WIN
8911,8,13,WIN
8911,12,15,WIN
4323,16,15,LOSS
4323,18,15,LOSS
4323,13,16,WIN
4323,13,14,WIN
4323,19,25,LOSS
4323,18,15,LOSS
4323,16,15,LOSS
4323,11,14,WIN
4323,20,12,LOSS
4323,9,15,WIN
4323,10,25,LOSS
4323,14,15,WIN
4323,4,17,WIN
4323,13,15,WIN
4323,17,24,LOSS
4323,21,14,LOSS
4323,17,15,LOSS
4323,19,21,WIN
4323,15,6,LOSS
4323,14,19,WIN
4323,20,14,LOSS
4323,16,20,WIN
4323,19,15,LOSS
4323,10,20,WIN
4323,15,14,LOSS
4323,19,20,WIN
4323,14,20,WIN
4323,7,9,WIN
4323,20,18,LOSS
4323,18,7,LOSS
4323,13,18,WIN
4323,17,7,LOSS
4323,12,20,WIN
4323,13,19,WIN
4323,12,17,WIN
4323,15,18,WIN
4323,21,16,LOSS
4323,13,14,WIN
4323,17,13,LOSS
4323,15,8,LOSS
4323,8,19,WIN
4323,20,12,LOSS
4323,10,18,WIN
4323,12,12,LOSS
4323,14,20,WIN
4323,13,10,LOSS
4323,13,20,WIN
4323,16,21,WIN
4323,14,17,WIN
4323,20,7,LOSS
4323,20,15,LOSS
4323,20,17,LOSS
4323,21,8,LOSS
4323,11,20,WIN
4323,20,12,LOSS
4323,12,14,WIN
4323,14,15,WIN
4323,8,21,WIN
4323,9,26,LOSS
4323,15,6,LOSS
4323,14,20,WIN
5811,19,12,LOSS
5811,7,9,WIN
5811,15,19,WIN
5811,15,17,WIN
5811,15,17,WIN
5811,20,10,LOSS
5811,19,14,LOSS
5811,14,26,LOSS
5811,15,19,WIN
5811,16,15,LOSS
5811,15,17,WIN
5811,21,8,LOSS
5811,15,14,LOSS
5811,10,17,WIN
5811,17,9,LOSS
5811,14,12,LOSS
5811,16,20,WIN
5811,12,19,WIN
5811,21,16,LOSS
5811,21,14,LOSS
5811,14,9,LOSS
5811,9,19,WIN
5811,19,14,LOSS
5811,12,13,WIN
5811,15,9,LOSS
5811,12,22,LOSS
5811,13,17,WIN
5811,18,14,LOSS
5811,21,19,LOSS
5811,11,25,LOSS
5811,4,9,WIN
5811,16,19,WIN
5811,18,6,LOSS
5811,20,13,LOSS
5811,17,10,LOSS
5811,13,20,WIN
5811,18,13,LOSS
5811,7,15,WIN
5811,10,23,LOSS
5811,20,17,LOSS
5811,11,12,WIN
5811,16,17,WIN
5811,21,13,LOSS
5811,14,13,LOSS
5811,13,23,LOSS
5811,9,10,WIN
5811,21,19,LOSS
5811,19,13,LOSS
5811,19,21,WIN
5811,20,20,LOSS
5811,15,20,WIN
5811,12,14,WIN
5811,14,15,WIN
5811,18,30,LOSS
5811,21,12,LOSS
5811,19,12,LOSS
5811,15,14,LOSS
5811,13,10,LOSS
5811,15,5,LOSS
5811,12,14,WIN
5811,19,23,LOSS
4150,21,13,LOSS
4150,9,19,WIN
4150,21,15,LOSS
4150,16,12,LOSS
4150,15,19,WIN
4150,20,24,LOSS
4150,14,21,WIN
4150,14,6,LOSS
4150,16,12,LOSS
4150,11,29,LOSS
4150,6,13,WIN
4150,16,12,LOSS
4150,19,18,LOSS
4150,14,18,WIN
4150,13,13,LOSS
4150,20,10,LOSS
4150,15,5,LOSS
4150,11,20,WIN
4150,12,20,WIN
4150,18,17,LOSS
4150,11,17,WIN
4150,8,13,WIN
4150,13,18,WIN
4150,16,18,WIN
4150,8,20,WIN
4150,14,10,LOSS
4150,12,21,WIN
4150,17,17,LOSS
4150,7,20,WIN
4150,19,20,WIN
4150,11,20,WIN
4150,12,19,WIN
4150,18,19,WIN
4150,18,21,WIN
4150,7,12,WIN
4150,8,7,LOSS
4150,13,21,WIN
4150,8,17,WIN
4150,16,21,WIN
4150,12,8,LOSS
4150,13,16,WIN
4150,14,13,LOSS
4150,10,21,WIN
4150,14,18,WIN
4150,19,15,LOSS
4150,10,18,WIN
4150,17,8,LOSS
4150,8,26,LOSS
4150,15,26,LOSS
4150,12,20,WIN
4150,15,4,LOSS
4150,18,20,WIN
4150,17,15,LOSS
4150,7,14,WIN
4150,20,17,LOSS
4150,16,20,WIN
4150,10,26,LOSS
4150,16,20,WIN
4150,14,25,LOSS
4150,9,12,WIN
4150,19,18,LOSS
321,21,12,LOSS
321,9,24,LOSS
321,14,18,WIN
321,13,7,LOSS
321,15,15,LOSS
321,11,27,LOSS
321,21,8,LOSS
321,21,13,LOSS
321,19,18,LOSS
321,13,13,LOSS
321,17,17,LOSS
321,6,17,WIN
321,19,15,LOSS
321,19,18,LOSS
321,18,12,LOSS
321,15,18,WIN
321,18,14,LOSS
321,14,28,LOSS
321,17,20,WIN
321,13,23,LOSS
321,18,26,LOSS
321,20,6,LOSS
321,8,13,WIN
321,15,9,LOSS
321,12,15,WIN
321,15,21,WIN
321,16,6,LOSS
321,8,15,WIN
321,12,21,WIN
321,17,9,LOSS
321,20,21,WIN
321,16,14,LOSS
321,13,13,LOSS
321,20,12,LOSS
321,16,18,WIN
321,13,4,LOSS
321,12,13,WIN
321,12,17,WIN
321,19,17,LOSS
321,8,20,WIN
321,9,21,WIN
321,21,21,LOSS
321,14,20,WIN
321,16,18,WIN
321,14,13,LOSS
321,14,22,LOSS
321,16,13,LOSS
321,13,8,LOSS
321,21,8,LOSS
321,12,20,WIN
321,8,23,LOSS
321,20,13,LOSS
321,20,20,LOSS
321,20,4,LOSS
321,10,18,WIN
321,7,14,WIN
321,14,12,LOSS
321,7,20,WIN
321,13,18,WIN
321,20,19,LOSS
321,17,19,WIN
5908,15,12,LOSS
5908,20,18,LOSS
5908,14,15,WIN
5908,10,13,WIN
5908,15,20,WIN
5908,12,21,WIN
5908,20,18,LOSS
5908,17,26,LOSS
5908,17,10,LOSS
5908,12,20,WIN
5908,12,15,WIN
5908,8,18,WIN
5908,20,13,LOSS
5908,12,24,LOSS
5908,12,19,WIN
5908,17,14,LOSS
5908,9,13,WIN
5908,13,15,WIN
5908,18,18,LOSS
5908,5,15,WIN
5908,18,20,WIN
5908,10,17,WIN
5908,19,14,LOSS
5908,16,12,LOSS
5908,5,18,WIN
5908,19,20,WIN
5908,13,17,WIN
5908,16,14,LOSS
5908,14,20,WIN
5908,11,12,WIN
5908,17,17,LOSS
5908,19,7,LOSS
5908,13,21,WIN
5908,19,20,WIN
5908,18,18,LOSS
5908,16,13,LOSS
5908,13,14,WIN
5908,20,21,WIN
5908,8,15,WIN
5908,11,17,WIN
5908,11,12,WIN
5908,13,13,LOSS
5908,14,20,WIN
5908,16,15,LOSS
5908,10,17,WIN
5908,15,13,LOSS
5908,16,15,LOSS
5908,15,17,WIN
5908,15,17,WIN
5908,13,9,LOSS
5908,6,20,WIN
5908,15,19,WIN
5908,12,7,LOSS
5908,14,14,LOSS
5908,20,17,LOSS
5908,13,18,WIN
5908,14,12,LOSS
5908,20,7,LOSS
5908,19,18,LOSS
5908,18,18,LOSS
5908,10,17,WIN
5908,13,12,LOSS
6839,12,8,LOSS
6839,17,17,LOSS
6839,14,17,WIN
6839,21,13,LOSS
6839,14,26,LOSS
6839,12,21,WIN
6839,18,16,LOSS
6839,19,21,WIN
6839,13,13,LOSS
6839,17,30,LOSS
6839,15,18,WIN
6839,19,9,LOSS
6839,14,17,WIN
6839,14,23,LOSS
6839,19,12,LOSS
6839,18,15,LOSS
6839,20,22,LOSS
6839,13,14,WIN
6839,8,24,LOSS
6839,13,18,WIN
6839,14,15,WIN
6839,21,13,LOSS
6839,21,22,LOSS
6839,13,14,WIN
6839,13,9,LOSS
6839,14,15,WIN
6839,19,20,WIN
6839,20,19,LOSS
6839,10,17,WIN
6839,14,17,WIN
6839,18,15,LOSS
6839,18,16,LOSS
6839,15,13,LOSS
6839,12,26,LOSS
6839,16,6,LOSS
6839,11,19,WIN
6839,12,14,WIN
6839,19,9,LOSS
6839,13,13,LOSS
6839,20,15,LOSS
6839,18,17,LOSS
6839,16,20,WIN
6839,13,16,WIN
6839,15,15,LOSS
6839,17,12,LOSS
6839,19,18,LOSS
6839,13,12,LOSS
6839,9,15,WIN
6839,8,12,WIN
6839,9,20,WIN
6839,14,13,LOSS
6839,8,12,WIN
6839,7,22,LOSS
6839,8,20,WIN
6839,14,14,LOSS
6839,8,13,WIN
6839,12,13,WIN
6839,12,13,WIN
6839,20,20,LOSS
6839,8,10,WIN
1261,16,22,LOSS
1261,13,12,LOSS
1261,15,12,LOSS
1261,13,14,WIN
1261,18,20,WIN
1261,18,14,LOSS
1261,4,13,WIN
1261,13,22,LOSS
1261,9,14,WIN
1261,12,14,WIN
1261,12,14,WIN
1261,11,18,WIN
1261,13,17,WIN
1261,19,15,LOSS
1261,12,17,WIN
1261,16,9,LOSS
1261,21,15,LOSS
1261,14,17,WIN
1261,18,20,WIN
1261,12,19,WIN
1261,20,17,LOSS
1261,15,15,LOSS
1261,13,15,WIN
1261,18,9,LOSS
1261,9,12,WIN
1261,14,15,WIN
1261,21,18,LOSS
1261,18,12,LOSS
1261,11,21,WIN
1261,12,17,WIN
1261,15,14,LOSS
1261,18,12,LOSS
1261,17,13,LOSS
1261,13,20,WIN
1261,13,16,WIN
1261,10,13,WIN
1261,19,15,LOSS
1261,15,20,WIN
1261,13,28,LOSS
1261,11,18,WIN
1261,12,14,WIN
1261,8,18,WIN
1261,21,13,LOSS
1261,12,15,WIN
1261,18,20,WIN
1261,21,13,LOSS
1261,20,25,LOSS
1261,20,17,LOSS
1261,18,22,LOSS
1261,17,13,LOSS
1261,16,12,LOSS
1261,10,15,WIN
1261,20,14,LOSS
1261,15,23,LOSS
1261,7,12,WIN
1261,9,24,LOSS
1261,10,12,WIN
1261,14,8,LOSS
1261,21,9,LOSS
1261,17,20,WIN
1261,17,6,LOSS
5710,20,7,LOSS
5710,15,22,LOSS
5710,18,14,LOSS
5710,13,13,LOSS
5710,12,13,WIN
5710,19,13,LOSS
5710,20,17,LOSS
5710,14,20,WIN
5710,13,14,WIN
5710,13,13,LOSS
5710,20,14,LOSS
5710,18,17,LOSS
5710,14,12,LOSS
5710,12,18,WIN
5710,19,14,LOSS
5710,17,17,LOSS
5710,15,15,LOSS
5710,17,18,WIN
5710,20,5,LOSS
5710,13,20,WIN
5710,12,17,WIN
5710,9,20,WIN
5710,13,8,LOSS
5710,8,21,WIN
5710,13,20,WIN
5710,18,17,LOSS
5710,5,17,WIN
5710,9,15,WIN
5710,11,20,WIN
5710,13,17,WIN
5710,12,17,WIN
5710,14,24,LOSS
5710,13,18,WIN
5710,13,10,LOSS
5710,11,17,WIN
5710,10,7,LOSS
5710,18,12,LOSS
5710,11,15,WIN
5710,13,20,WIN
5710,14,8,LOSS
5710,12,14,WIN
5710,6,15,WIN
5710,20,17,LOSS
5710,18,13,LOSS
5710,6,15,WIN
5710,20,20,LOSS
5710,19,13,LOSS
5710,11,20,WIN
5710,18,9,LOSS
5710,9,19,WIN
5710,14,20,WIN
5710,9,19,WIN
5710,13,13,LOSS
5710,9,20,WIN
5710,12,18,WIN
5710,12,20,WIN
5710,14,18,WIN
5710,15,21,WIN
5710,10,18,WIN
5710,13,13,LOSS
5710,14,18,WIN
5710,19,13,LOSS
633,14,17,WIN
633,20,24,LOSS
633,12,19,WIN
633,10,20,WIN
633,21,14,LOSS
633,15,21,WIN
633,20,24,LOSS
633,15,15,LOSS
633,15,20,WIN
633,12,15,WIN
633,18,12,LOSS
633,18,12,LOSS
633,11,13,WIN
633,12,20,WIN
633,17,18,WIN
633,16,15,LOSS
633,13,13,LOSS
633,15,21,WIN
633,13,26,LOSS
633,14,19,WIN
633,13,17,WIN
633,8,25,LOSS
633,16,26,LOSS
633,11,18,WIN
633,13,26,LOSS
633,13,10,LOSS
633,15,12,LOSS
633,16,15,LOSS
633,20,18,LOSS
633,11,19,WIN
633,13,15,WIN
633,14,20,WIN
633,11,23,LOSS
633,19,20,WIN
633,18,14,LOSS
633,10,14,WIN
633,20,26,LOSS
633,15,18,WIN
633,8,14,WIN
633,15,19,WIN
633,17,15,LOSS
633,12,15,WIN
633,7,13,WIN
633,13,15,WIN
633,18,13,LOSS
633,13,18,WIN
633,17,18,WIN
633,12,12,LOSS
633,15,15,LOSS
633,12,18,WIN
633,16,8,LOSS
633,13,25,LOSS
633,11,20,WIN
633,20,17,LOSS
633,12,21,WIN
633,16,14,LOSS
633,14,15,WIN
633,19,12,LOSS
633,20,19,LOSS
633,13,24,LOSS
9497,16,17,WIN
9497,16,7,LOSS
9497,20,17,LOSS
9497,19,14,LOSS
9497,15,19,WIN
9497,16,17,WIN
9497,13,20,WIN
9497,15,12,LOSS
9497,12,20,WIN
9497,19,14,LOSS
9497,13,6,LOSS
9497,12,18,WIN
9497,19,17,LOSS
9497,20,10,LOSS
9497,20,15,LOSS
9497,14,21,WIN
9497,20,18,LOSS
9497,14,12,LOSS
9497,11,18,WIN
9497,16,12,LOSS
9497,9,21,WIN
9497,13,10,LOSS
9497,20,20,LOSS
9497,17,17,LOSS
9497,16,7,LOSS
9497,20,14,LOSS
9497,21,15,LOSS
9497,18,13,LOSS
9497,9,19,WIN
9497,12,13,WIN
9497,17,17,LOSS
9497,17,17,LOSS
9497,14,24,LOSS
9497,10,15,WIN
9497,7,12,WIN
9497,12,19,WIN
9497,12,15,WIN
9497,16,12,LOSS
9497,13,7,LOSS
9497,15,18,WIN
9497,17,18,WIN
9497,13,6,LOSS
9497,21,12,LOSS
9497,7,9,WIN
9497,15,12,LOSS
9497,5,12,WIN
9497,12,10,LOSS
9497,18,14,LOSS
9497,11,10,LOSS
9497,15,15,LOSS
9497,21,17,LOSS
9497,20,12,LOSS
9497,12,15,WIN
9497,11,19,WIN
9497,15,14,LOSS
9497,15,13,LOSS
9497,15,14,LOSS
9497,21,19,LOSS
9497,21,15,LOSS
9497,14,14,LOSS
9497,9,17,WIN
9497,20,5,LOSS
9497,7,13,WIN
9497,16,13,LOSS
1956,18,14,LOSS
1956,14,17,WIN
1956,20,19,LOSS
1956,16,14,LOSS
1956,10,14,WIN
1956,16,12,LOSS
1956,11,17,WIN
1956,12,17,WIN
1956,13,14,WIN
1956,13,12,LOSS
1956,18,19,WIN
1956,18,20,WIN
1956,18,20,WIN
1956,15,19,WIN
1956,9,7,LOSS
1956,20,14,LOSS
1956,15,19,WIN
1956,19,13,LOSS
1956,18,26,LOSS
1956,14,13,LOSS
1956,9,7,LOSS
1956,12,10,LOSS
1956,13,17,WIN
1956,6,26,LOSS
1956,17,8,LOSS
1956,10,27,LOSS
1956,16,9,LOSS
1956,12,18,WIN
1956,18,18,LOSS
1956,12,12,LOSS
1956,18,20,WIN
1956,16,18,WIN
1956,9,15,WIN
1956,13,20,WIN
1956,15,13,LOSS
1956,16,17,WIN
1956,16,9,LOSS
1956,12,20,WIN
1956,14,17,WIN
1956,10,8,LOSS
1956,8,4,LOSS
1956,9,10,WIN
1956,13,18,WIN
1956,16,20,WIN
1956,15,19,WIN
1956,10,19,WIN
1956,17,8,LOSS
1956,13,17,WIN
1956,17,19,WIN
1956,12,12,LOSS
1956,15,18,WIN
1956,10,14,WIN
1956,18,26,LOSS
1956,21,26,LOSS
1956,17,20,WIN
1956,12,19,WIN
1956,13,18,WIN
1956,12,19,WIN
1956,15,13,LOSS
1956,18,13,LOSS
1956,13,15,WIN
8342,10,22,LOSS
8342,11,18,WIN
8342,19,13,LOSS
8342,12,18,WIN
8342,21,9,LOSS
8342,14,17,WIN
8342,19,13,LOSS
8342,8,15,WIN
8342,9,5,LOSS
8342,12,21,WIN
8342,20,12,LOSS
8342,16,13,LOSS
8342,17,10,LOSS
8342,17,26,LOSS
8342,10,18,WIN
8342,12,19,WIN
8342,12,14,WIN
8342,15,15,LOSS
8342,16,8,LOSS
8342,18,13,LOSS
8342,21,5,LOSS
8342,12,30,LOSS
8342,16,8,LOSS
8342,14,10,LOSS
8342,16,13,LOSS
8342,14,13,LOSS
8342,20,21,WIN
8342,12,15,WIN
8342,5,8,WIN
8342,16,17,WIN
8342,12,12,LOSS
8342,9,20,WIN
8342,19,7,LOSS
8342,19,17,LOSS
8342,9,19,WIN
8342,14,17,WIN
8342,7,20,WIN
8342,13,20,WIN
8342,18,11,LOSS
8342,15,13,LOSS
8342,12,14,WIN
8342,15,26,LOSS
8342,15,26,LOSS
8342,18,10,LOSS
8342,18,20,WIN
8342,13,14,WIN
8342,16,19,WIN
8342,16,14,LOSS
8342,15,20,WIN
8342,16,13,LOSS
8342,19,13,LOSS
8342,21,21,LOSS
8342,14,18,WIN
8342,10,15,WIN
8342,11,18,WIN
8342,11,13,WIN
8342,20,20,LOSS
8342,11,13,WIN
8342,15,12,LOSS
8342,18,15,LOSS
8342,21,20,LOSS
8342,20,5,LOSS
8342,18,19,WIN
2138,19,18,LOSS
2138,21,9,LOSS
2138,14,15,WIN
2138,20,13,LOSS
2138,14,20,WIN
2138,13,21,WIN
2138,10,20,WIN
2138,14,12,LOSS
2138,20,10,LOSS
2138,14,30,LOSS
2138,17,17,LOSS
2138,18,15,LOSS
2138,12,22,LOSS
2138,9,17,WIN
2138,19,12,LOSS
2138,18,6,LOSS
2138,17,18,WIN
2138,19,6,LOSS
2138,13,20,WIN
2138,11,13,WIN
2138,18,20,WIN
2138,21,12,LOSS
2138,13,14,WIN
2138,13,10,LOSS
2138,14,16,WIN
2138,14,5,LOSS
2138,13,14,WIN
2138,9,16,WIN
2138,20,10,LOSS
2138,20,20,LOSS
2138,19,10,LOSS
2138,13,18,WIN
2138,16,20,WIN
2138,15,19,WIN
2138,16,10,LOSS
2138,18,14,LOSS
2138,18,20,WIN
2138,18,17,LOSS
2138,12,9,LOSS
2138,20,10,LOSS
2138,18,9,LOSS
2138,16,13,LOSS
2138,20,19,LOSS
2138,10,16,WIN
2138,17,12,LOSS
2138,14,4,LOSS
2138,19,13,LOSS
2138,19,14,LOSS
2138,20,8,LOSS
2138,20,9,LOSS
2138,13,17,WIN
2138,13,13,LOSS
2138,20,13,LOSS
2138,12,7,LOSS
2138,17,21,WIN
2138,9,21,WIN
2138,11,17,WIN
2138,21,14,LOSS
2138,21,15,LOSS
2138,7,13,WIN
2138,19,18,LOSS
2138,12,24,LOSS
9465,18,20,WIN
9465,13,18,WIN
9465,18,4,LOSS
9465,10,12,WIN
9465,12,5,LOSS
9465,16,13,LOSS
9465,20,19,LOSS
9465,17,12,LOSS
9465,9,19,WIN
9465,17,20,WIN
9465,20,17,LOSS
9465,9,17,WIN
9465,15,21,WIN
9465,17,18,WIN
9465,13,13,LOSS
9465,5,10,WIN
9465,10,17,WIN
9465,14,19,WIN
9465,12,13,WIN
9465,14,27,LOSS
9465,20,21,WIN
9465,16,18,WIN
9465,20,14,LOSS
9465,17,8,LOSS
9465,18,9,LOSS
9465,19,6,LOSS
9465,17,17,LOSS
9465,18,20,WIN
9465,14,23,LOSS
9465,14,14,LOSS
9465,15,26,LOSS
9465,14,18,WIN
9465,15,14,LOSS
9465,12,14,WIN
9465,19,6,LOSS
9465,17,15,LOSS
9465,18,19,WIN
9465,21,9,LOSS
9465,13,9,LOSS
9465,21,14,LOSS
9465,12,18,WIN
9465,17,17,LOSS
9465,21,23,LOSS
9465,14,8,LOSS
9465,18,17,LOSS
9465,15,18,WIN
9465,12,18,WIN
9465,21,17,LOSS
9465,5,17,WIN
9465,17,19,WIN
9465,8,15,WIN
9465,14,13,LOSS
9465,19,12,LOSS
9465,11,10,LOSS
9465,17,13,LOSS
9465,17,12,LOSS
9465,12,8,LOSS
9465,20,20,LOSS
9465,15,20,WIN
9465,19,17,LOSS
9465,12,12,LOSS
9465,16,18,WIN
6998,15,20,WIN
6998,11,18,WIN
6998,10,12,WIN
6998,12,9,LOSS
6998,10,19,WIN
6998,15,25,LOSS
6998,12,14,WIN
6998,12,13,WIN
6998,12,20,WIN
6998,20,17,LOSS
6998,12,20,WIN
6998,19,13,LOSS
6998,18,12,LOSS
6998,18,15,LOSS
6998,5,15,WIN
6998,17,8,LOSS
6998,19,12,LOSS
6998,7,15,WIN
6998,21,14,LOSS
6998,10,15,WIN
6998,16,18,WIN
6998,11,21,WIN
6998,14,18,WIN
6998,8,8,LOSS
6998,15,22,LOSS
6998,20,7,LOSS
6998,16,20,WIN
6998,15,9,LOSS
6998,17,14,LOSS
6998,21,13,LOSS
6998,12,7,LOSS
6998,13,19,WIN
6998,16,15,LOSS
6998,18,13,LOSS
6998,20,12,LOSS
6998,12,22,LOSS
6998,11,21,WIN
6998,14,18,WIN
6998,16,12,LOSS
6998,13,20,WIN
6998,19,18,LOSS
6998,12,26,LOSS
6998,15,15,LOSS
6998,13,20,WIN
6998,14,15,WIN
6998,17,14,LOSS
6998,18,17,LOSS
6998,18,14,LOSS
6998,16,6,LOSS
6998,15,13,LOSS
6998,5,27,LOSS
6998,16,14,LOSS
6998,8,22,LOSS
6998,15,20,WIN
6998,19,23,LOSS
6998,19,20,WIN
6998,20,12,LOSS
6998,12,21,WIN
6998,9,20,WIN
6998,8,19,WIN
6998,14,15,WIN
7142,19,13,LOSS
7142,16,14,LOSS
7142,11,17,WIN
7142,13,6,LOSS
7142,20,18,LOSS
7142,6,20,WIN
7142,19,8,LOSS
7142,13,14,WIN
7142,14,22,LOSS
7142,9,13,WIN
7142,11,19,WIN
7142,16,20,WIN
7142,17,14,LOSS
7142,13,23,LOSS
7142,13,13,LOSS
7142,16,15,LOSS
7142,15,19,WIN
7142,10,12,WIN
7142,14,6,LOSS
7142,14,14,LOSS
7142,12,14,WIN
7142,8,19,WIN
7142,15,10,LOSS
7142,15,20,WIN
7142,15,18,WIN
7142,14,17,WIN
7142,19,12,LOSS
7142,12,12,LOSS
7142,20,9,LOSS
7142,18,23,LOSS
7142,9,12,WIN
7142,15,18,WIN
7142,20,4,LOSS
7142,13,19,WIN
7142,20,26,LOSS
7142,8,18,WIN
7142,19,12,LOSS
7142,17,21,WIN
7142,10,12,WIN
7142,21,20,LOSS
7142,21,18,LOSS
7142,19,15,LOSS
7142,12,16,WIN
7142,14,20,WIN
7142,12,19,WIN
7142,10,20,WIN
7142,15,19,WIN
7142,10,17,WIN
7142,16,21,WIN
7142,19,21,WIN
7142,12,25,LOSS
7142,18,14,LOSS
7142,13,12,LOSS
7142,19,13,LOSS
7142,12,12,LOSS
7142,18,20,WIN
7142,12,15,WIN
7142,20,4,LOSS
7142,12,10,LOSS
7142,14,14,LOSS
7142,9,27,LOSS
7142,15,15,LOSS
4136,16,9,LOSS
4136,14,25,LOSS
4136,13,6,LOSS
4136,14,12,LOSS
4136,17,12,LOSS
4136,20,7,LOSS
4136,13,21,WIN
4136,17,13,LOSS
4136,20,15,LOSS
4136,20,18,LOSS
4136,14,20,WIN
4136,12,24,LOSS
4136,9,12,WIN
4136,12,15,WIN
4136,12,18,WIN
4136,6,20,WIN
4136,18,12,LOSS
4136,11,8,LOSS
4136,14,21,WIN
4136,15,12,LOSS
4136,13,19,WIN
4136,10,9,LOSS
4136,20,14,LOSS
4136,16,14,LOSS
4136,20,17,LOSS
4136,11,13,WIN
4136,12,12,LOSS
4136,5,15,WIN
4136,14,17,WIN
4136,21,15,LOSS
4136,17,14,LOSS
4136,18,12,LOSS
4136,17,15,LOSS
4136,20,18,LOSS
4136,16,14,LOSS
4136,20,17,LOSS
4136,20,12,LOSS
4136,12,20,WIN
4136,17,6,LOSS
4136,12,20,WIN
4136,18,20,WIN
4136,20,22,LOSS
4136,14,17,WIN
4136,17,24,LOSS
4136,13,15,WIN
4136,19,13,LOSS
4136,15,15,LOSS
4136,9,20,WIN
4136,14,13,LOSS
4136,16,20,WIN
4136,14,12,LOSS
4136,12,12,LOSS
4136,12,17,WIN
4136,9,12,WIN
4136,17,13,LOSS
4136,17,20,WIN
4136,8,26,LOSS
4136,14,12,LOSS
4136,6,13,WIN
4136,20,18,LOSS
4136,18,14,LOSS
4136,20,17,LOSS
4240,16,13,LOSS
4240,20,26,LOSS
4240,16,20,WIN
4240,17,21,WIN
4240,20,21,WIN
4240,17,17,LOSS
4240,11,13,WIN
4240,20,17,LOSS
4240,17,20,WIN
4240,19,17,LOSS
4240,14,20,WIN
4240,21,25,LOSS
4240,9,14,WIN
4240,12,12,LOSS
4240,10,17,WIN
4240,21,14,LOSS
4240,19,12,LOSS
4240,10,20,WIN
4240,19,19,LOSS
4240,13,15,WIN
4240,8,20,WIN
4240,20,4,LOSS
4240,9,13,WIN
4240,9,13,WIN
4240,16,12,LOSS
4240,20,5,LOSS
4240,19,30,LOSS
4240,21,28,LOSS
4240,14,10,LOSS
4240,14,13,LOSS
4240,18,17,LOSS
4240,16,10,LOSS
4240,13,13,LOSS
4240,14,18,WIN
4240,9,12,WIN
4240,17,7,LOSS
4240,16,18,WIN
4240,16,8,LOSS
4240,14,13,LOSS
4240,9,21,WIN
4240,20,14,LOSS
4240,12,7,LOSS
4240,18,23,LOSS
4240,10,12,WIN
4240,6,14,WIN
4240,13,20,WIN
4240,13,17,WIN
4240,16,13,LOSS
4240,20,12,LOSS
4240,17,18,WIN
4240,14,17,WIN
4240,14,12,LOSS
4240,12,6,LOSS
4240,14,21,WIN
4240,13,20,WIN
4240,20,18,LOSS
4240,18,15,LOSS
4240,17,12,LOSS
4240,14,25,LOSS
4240,17,10,LOSS
8,13,18,WIN
8,14,20,WIN
8,17,4,LOSS
8,10,17,WIN
8,13,25,LOSS
8,17,18,WIN
8,15,5,LOSS
8,9,26,LOSS
8,12,14,WIN
8,8,27,LOSS
8,13,20,WIN
8,12,19,WIN
8,16,12,LOSS
8,19,17,LOSS
8,20,8,LOSS
8,11,19,WIN
8,15,13,LOSS
8,6,13,WIN
8,20,10,LOSS
8,20,12,LOSS
8,15,19,WIN
8,21,17,LOSS
8,13,9,LOSS
8,18,14,LOSS
8,11,12,WIN
8,18,17,LOSS
8,20,17,LOSS
8,19,9,LOSS
8,17,23,LOSS
8,16,20,WIN
8,15,20,WIN
8,9,12,WIN
8,17,14,LOSS
8,18,18,LOSS
8,16,20,WIN
8,20,14,LOSS
8,9,14,WIN
8,16,19,WIN
8,12,20,WIN
8,11,15,WIN
8,9,19,WIN
8,7,13,WIN
8,15,19,WIN
8,20,20,LOSS
8,13,17,WIN
8,16,14,LOSS
8,12,20,WIN
8,14,12,LOSS
8,18,12,LOSS
8,13,14,WIN
8,4,19,WIN
8,14,20,WIN
8,16,21,WIN
8,18,16,LOSS
8,7,19,WIN
8,18,15,LOSS
8,11,22,LOSS
8,14,19,WIN
8,20,7,LOSS
8,20,18,LOSS
8,9,18,WIN
8,13,6,LOSS
7590,13,12,LOSS
7590,7,16,WIN
7590,14,12,LOSS
7590,13,19,WIN
7590,18,14,LOSS
7590,10,13,WIN
7590,17,13,LOSS
7590,17,14,LOSS
7590,5,18,WIN
7590,20,12,LOSS
7590,13,12,LOSS
7590,20,17,LOSS
7590,18,19,WIN
7590,17,18,WIN
7590,15,22,LOSS
7590,19,20,WIN
7590,20,13,LOSS
7590,11,14,WIN
7590,18,20,WIN
7590,14,13,LOSS
7590,12,8,LOSS
7590,20,17,LOSS
7590,15,12,LOSS
7590,15,6,LOSS
7590,15,10,LOSS
7590,14,8,LOSS
7590,21,20,LOSS
7590,20,20,LOSS
7590,11,14,WIN
7590,7,10,WIN
7590,11,20,WIN
7590,16,16,LOSS
7590,21,8,LOSS
7590,8,7,LOSS
7590,18,19,WIN
7590,15,17,WIN
7590,20,24,LOSS
7590,21,17,LOSS
7590,20,25,LOSS
7590,16,8,LOSS
7590,7,20,WIN
7590,15,15,LOSS
7590,19,15,LOSS
7590,18,17,LOSS
7590,10,20,WIN
7590,11,6,LOSS
7590,17,17,LOSS
7590,11,15,WIN
7590,21,20,LOSS
7590,13,21,WIN
7590,9,15,WIN
7590,7,12,WIN
7590,18,12,LOSS
7590,18,26,LOSS
7590,12,20,WIN
7590,20,20,LOSS
7590,4,12,WIN
7590,15,13,LOSS
7590,12,17,WIN
7590,18,12,LOSS
7590,19,23,LOSS
7590,15,17,WIN
6686,19,7,LOSS
6686,8,26,LOSS
6686,15,21,WIN
6686,15,19,WIN
6686,8,12,WIN
6686,12,23,LOSS
6686,14,13,LOSS
6686,21,19,LOSS
6686,12,12,LOSS
6686,17,10,LOSS
6686,20,19,LOSS
6686,14,15,WIN
6686,16,29,LOSS
6686,17,18,WIN
6686,18,14,LOSS
6686,14,15,WIN
6686,18,23,LOSS
6686,16,13,LOSS
6686,16,15,LOSS
6686,13,20,WIN
6686,12,13,WIN
6686,9,12,WIN
6686,12,12,LOSS
6686,17,10,LOSS
6686,12,20,WIN
6686,11,18,WIN
6686,21,9,LOSS
6686,12,8,LOSS
6686,11,12,WIN
6686,16,13,LOSS
6686,11,15,WIN
6686,16,8,LOSS
6686,15,7,LOSS
6686,18,14,LOSS
6686,20,14,LOSS
6686,16,21,WIN
6686,20,17,LOSS
6686,17,9,LOSS
6686,12,5,LOSS
6686,11,12,WIN
6686,11,25,LOSS
6686,5,20,WIN
6686,16,15,LOSS
6686,10,18,WIN
6686,10,20,WIN
6686,18,20,WIN
6686,12,21,WIN
6686,17,13,LOSS
6686,8,18,WIN
6686,18,20,WIN
6686,13,20,WIN
6686,12,7,LOSS
6686,10,17,WIN
6686,14,26,LOSS
6686,14,19,WIN
6686,20,15,LOSS
6686,19,19,LOSS
6686,14,14,LOSS
6686,21,12,LOSS
6686,17,7,LOSS
6686,12,27,LOSS
6686,9,26,LOSS
3471,17,5,LOSS
3471,12,5,LOSS
3471,11,20,WIN
3471,17,26,LOSS
3471,15,17,WIN
3471,14,9,LOSS
3471,17,17,LOSS
3471,15,17,WIN
3471,20,20,LOSS
3471,20,13,LOSS
3471,21,15,LOSS
3471,20,6,LOSS
3471,14,14,LOSS
3471,19,20,WIN
3471,20,19,LOSS
3471,5,13,WIN
3471,18,25,LOSS
3471,15,16,WIN
3471,7,20,WIN
3471,15,10,LOSS
3471,13,12,LOSS
3471,19,15,LOSS
3471,9,14,WIN
3471,19,16,LOSS
3471,19,12,LOSS
3471,20,21,WIN
3471,13,18,WIN
3471,15,13,LOSS
3471,19,20,WIN
3471,12,10,LOSS
3471,13,13,LOSS
3471,8,12,WIN
3471,17,14,LOSS
3471,21,20,LOSS
3471,18,20,WIN
3471,13,21,WIN
3471,12,12,LOSS
3471,18,15,LOSS
3471,15,15,LOSS
3471,18,18,LOSS
3471,10,14,WIN
3471,12,14,WIN
3471,20,15,LOSS
3471,6,12,WIN
3471,17,19,WIN
3471,12,18,WIN
3471,9,8,LOSS
3471,9,23,LOSS
3471,18,15,LOSS
3471,16,9,LOSS
3471,21,12,LOSS
3471,14,9,LOSS
3471,16,17,WIN
3471,7,20,WIN
3471,12,15,WIN
3471,18,15,LOSS
3471,17,13,LOSS
3471,14,20,WIN
3471,11,29,LOSS
3471,12,9,LOSS
3471,8,5,LOSS
3471,18,12,LOSS
4376,12,4,LOSS
4376,13,10,LOSS
4376,15,14,LOSS
4376,14,17,WIN
4376,14,23,LOSS
4376,17,13,LOSS
4376,8,14,WIN
4376,14,10,LOSS
4376,7,23,LOSS
4376,21,7,LOSS
4376,20,20,LOSS
4376,16,19,WIN
4376,12,30,LOSS
4376,16,12,LOSS
4376,19,22,LOSS
4376,11,17,WIN
4376,12,7,LOSS
4376,14,24,LOSS
4376,18,12,LOSS
4376,13,13,LOSS
4376,9,20,WIN
4376,18,21,WIN
4376,13,12,LOSS
4376,21,20,LOSS
4376,18,13,LOSS
4376,18,6,LOSS
4376,18,26,LOSS
4376,16,13,LOSS
4376,21,16,LOSS
4376,6,17,WIN
4376,14,15,WIN
4376,14,19,WIN
4376,13,15,WIN
4376,17,18,WIN
4376,20,12,LOSS
4376,17,12,LOSS
4376,20,20,LOSS
4376,15,20,WIN
4376,17,8,LOSS
4376,14,14,LOSS
4376,12,24,LOSS
4376,15,9,LOSS
4376,16,20,WIN
4376,16,13,LOSS
4376,15,17,WIN
4376,14,15,WIN
4376,21,16,LOSS
4376,13,13,LOSS
4376,14,19,WIN
4376,17,17,LOSS
4376,9,15,WIN
4376,18,12,LOSS
4376,8,21,WIN
4376,21,10,LOSS
4376,20,17,LOSS
4376,19,12,LOSS
4376,5,13,WIN
4376,21,21,LOSS
4376,14,14,LOSS
4376,14,13,LOSS
4376,18,13,LOSS
810,16,20,WIN
810,19,17,LOSS
810,15,20,WIN
810,21,26,LOSS
810,17,6,LOSS
810,17,12,LOSS
810,19,13,LOSS
810,18,6,LOSS
810,15,19,WIN
810,17,20,WIN
810,17,17,LOSS
810,21,20,LOSS
810,5,6,WIN
810,18,18,LOSS
810,7,14,WIN
810,18,19,WIN
810,14,20,WIN
810,12,20,WIN
810,18,21,WIN
810,20,12,LOSS
810,9,12,WIN
810,13,12,LOSS
810,13,13,LOSS
810,13,14,WIN
810,17,14,LOSS
810,12,13,WIN
810,8,12,WIN
810,13,14,WIN
810,13,14,WIN
810,17,14,LOSS
810,13,12,LOSS
810,17,17,LOSS
810,14,15,WIN
810,13,18,WIN
810,20,6,LOSS
810,10,18,WIN
810,17,13,LOSS
810,5,26,LOSS
810,14,14,LOSS
810,11,17,WIN
810,8,14,WIN
810,15,15,LOSS
810,21,17,LOSS
810,19,15,LOSS
810,14,14,LOSS
810,11,27,LOSS
810,10,13,WIN
810,20,20,LOSS
810,12,20,WIN
810,16,9,LOSS
810,8,15,WIN
810,14,16,WIN
810,21,17,LOSS
810,16,19,WIN
810,12,14,WIN
810,10,13,WIN
810,13,20,WIN
810,18,19,WIN
810,14,18,WIN
810,14,12,LOSS
810,9,17,WIN
810,13,25,LOSS
5679,9,23,LOSS
5679,9,18,WIN
5679,11,12,WIN
5679,17,15,LOSS
5679,16,18,WIN
5679,20,18,LOSS
5679,4,26,LOSS
5679,11,4,LOSS
5679,12,15,WIN
5679,19,18,LOSS
5679,14,13,LOSS
5679,20,18,LOSS
5679,20,13,LOSS
5679,15,13,LOSS
5679,7,19,WIN
5679,6,19,WIN
5679,18,18,LOSS
5679,14,14,LOSS
5679,13,13,LOSS
5679,18,13,LOSS
5679,18,14,LOSS
5679,13,7,LOSS
5679,14,17,WIN
5679,16,15,LOSS
5679,8,14,WIN
5679,5,10,WIN
5679,21,19,LOSS
5679,11,28,LOSS
5679,17,19,WIN
5679,11,18,WIN
5679,14,27,LOSS
5679,16,15,LOSS
5679,14,14,LOSS
5679,20,15,LOSS
5679,17,26,LOSS
5679,16,12,LOSS
5679,14,11,LOSS
5679,15,15,LOSS
5679,12,13,WIN
5679,9,26,LOSS
5679,13,9,LOSS
5679,14,20,WIN
5679,16,17,WIN
5679,16,21,WIN
5679,21,7,LOSS
5679,16,13,LOSS
5679,21,12,LOSS
5679,12,19,WIN
5679,19,21,WIN
5679,12,26,LOSS
5679,9,18,WIN
5679,8,13,WIN
5679,11,18,WIN
5679,18,15,LOSS
5679,19,13,LOSS
5679,14,14,LOSS
5679,12,12,LOSS
5679,8,14,WIN
5679,13,27,LOSS
5679,14,13,LOSS
1961,14,25,LOSS
1961,14,14,LOSS
1961,5,8,WIN
1961,20,17,LOSS
1961,15,19,WIN
1961,19,15,LOSS
1961,19,9,LOSS
1961,12,18,WIN
1961,15,15,LOSS
1961,16,19,WIN
1961,13,18,WIN
1961,13,8,LOSS
1961,13,10,LOSS
1961,20,26,LOSS
1961,18,13,LOSS
1961,13,14,WIN
1961,17,18,WIN
1961,12,9,LOSS
1961,17,19,WIN
1961,16,14,LOSS
1961,20,21,WIN
1961,17,15,LOSS
1961,12,14,WIN
1961,17,15,LOSS
1961,12,21,WIN
1961,17,21,WIN
1961,17,14,LOSS
1961,17,8,LOSS
1961,14,8,LOSS
1961,16,10,LOSS
1961,10,19,WIN
1961,10,8,LOSS
1961,19,13,LOSS
1961,11,13,WIN
1961,18,20,WIN
1961,19,13,LOSS
1961,12,20,WIN
1961,9,12,WIN
1961,12,15,WIN
1961,21,12,LOSS
1961,11,6,LOSS
1961,13,9,LOSS
1961,14,13,LOSS
1961,17,21,WIN
1961,18,7,LOSS
1961,13,20,WIN
1961,16,14,LOSS
1961,17,14,LOSS
1961,14,26,LOSS
1961,20,20,LOSS
1961,13,21,WIN
1961,12,18,WIN
1961,13,17,WIN
1961,15,19,WIN
1961,16,20,WIN
1961,8,15,WIN
1961,20,21,WIN
1961,20,12,LOSS
1961,15,13,LOSS
1961,18,20,WIN
1961,10,19,WIN
1961,11,4,LOSS
2891,19,7,LOSS
2891,9,19,WIN
2891,8,18,WIN
2891,14,17,WIN
2891,10,15,WIN
2891,10,20,WIN
2891,16,8,LOSS
2891,15,7,LOSS
2891,20,20,LOSS
2891,19,14,LOSS
2891,17,18,WIN
2891,20,21,WIN
2891,20,14,LOSS
2891,15,14,LOSS
2891,16,21,WIN
2891,13,20,WIN
2891,9,20,WIN
2891,20,19,LOSS
2891,16,12,LOSS
2891,9,10,WIN
2891,13,19,WIN
2891,15,14,LOSS
2891,17,20,WIN
2891,19,15,LOSS
2891,11,7,LOSS
2891,10,15,WIN
2891,7,14,WIN
2891,14,13,LOSS
2891,13,17,WIN
2891,20,17,LOSS
2891,13,19,WIN
2891,16,15,LOSS
2891,18,20,WIN
2891,12,13,WIN
2891,16,14,LOSS
2891,18,13,LOSS
2891,12,19,WIN
2891,20,10,LOSS
2891,20,12,LOSS
2891,10,9,LOSS
2891,18,10,LOSS
2891,5,14,WIN
2891,9,15,WIN
2891,14,15,WIN
2891,16,24,LOSS
2891,14,17,WIN
2891,10,20,WIN
2891,19,19,LOSS
2891,18,6,LOSS
2891,12,18,WIN
2891,15,26,LOSS
2891,11,12,WIN
2891,14,9,LOSS
2891,18,18,LOSS
2891,14,6,LOSS
2891,8,20,WIN
2891,12,15,WIN
2891,20,26,LOSS
2891,12,11,LOSS
2891,20,18,LOSS
2891,18,12,LOSS
2891,13,25,LOSS
1471,21,19,LOSS
1471,15,15,LOSS
1471,14,21,WIN
1471,20,15,LOSS
1471,12,15,WIN
1471,11,18,WIN
1471,10,17,WIN
1471,18,18,LOSS
1471,19,13,LOSS
1471,5,15,WIN
1471,11,20,WIN
1471,13,20,WIN
1471,11,6,LOSS
1471,17,9,LOSS
1471,9,8,LOSS
1471,12,8,LOSS
1471,16,17,WIN
1471,9,12,WIN
1471,21,12,LOSS
1471,20,12,LOSS
1471,16,18,WIN
1471,17,17,LOSS
1471,14,15,WIN
1471,21,20,LOSS
1471,7,12,WIN
1471,20,13,LOSS
1471,11,20,WIN
1471,10,22,LOSS
1471,18,20,WIN
1471,12,14,WIN
1471,9,27,LOSS
1471,15,7,LOSS
1471,12,19,WIN
1471,12,15,WIN
1471,6,14,WIN
1471,14,23,LOSS
1471,16,10,LOSS
1471,11,13,WIN
1471,16,13,LOSS
1471,11,14,WIN
1471,19,21,WIN
1471,13,15,WIN
1471,20,19,LOSS
1471,19,17,LOSS
1471,20,14,LOSS
1471,11,15,WIN
1471,13,12,LOSS
1471,20,26,LOSS
1471,12,10,LOSS
1471,14,17,WIN
1471,13,19,WIN
1471,20,17,LOSS
1471,12,15,WIN
1471,16,15,LOSS
1471,15,17,WIN
1471,19,15,LOSS
1471,21,13,LOSS
1471,17,13,LOSS
1471,14,15,WIN
1471,12,18,WIN
1471,7,18,WIN
1471,9,19,WIN
1471,16,20,WIN
2857,15,8,LOSS
2857,4,18,WIN
2857,10,17,WIN
2857,16,10,LOSS
2857,14,20,WIN
2857,21,17,LOSS
2857,18,22,LOSS
2857,20,21,WIN
2857,17,6,LOSS
2857,21,15,LOSS
2857,21,13,LOSS
2857,8,8,LOSS
2857,14,19,WIN
2857,14,26,LOSS
2857,14,17,WIN
2857,10,7,LOSS
2857,11,12,WIN
2857,9,13,WIN
2857,21,8,LOSS
2857,12,8,LOSS
2857,18,20,WIN
2857,18,15,LOSS
2857,13,17,WIN
2857,14,21,WIN
2857,12,22,LOSS
2857,14,14,LOSS
2857,12,14,WIN
2857,9,15,WIN
2857,9,18,WIN
2857,20,12,LOSS
2857,18,13,LOSS
2857,17,13,LOSS
2857,11,12,WIN
2857,13,26,LOSS
2857,13,17,WIN
2857,17,21,WIN
2857,14,19,WIN
2857,11,20,WIN
2857,13,12,LOSS
2857,11,8,LOSS
2857,5,23,LOSS
2857,14,19,WIN
2857,21,17,LOSS
2857,14,25,LOSS
2857,17,18,WIN
2857,17,15,LOSS
2857,7,21,WIN
2857,15,14,LOSS
2857,14,14,LOSS
2857,16,10,LOSS
2857,15,20,WIN
2857,10,26,LOSS
2857,20,18,LOSS
2857,7,12,WIN
2857,13,17,WIN
2857,14,20,WIN
2857,19,18,LOSS
2857,12,16,WIN
2857,17,26,LOSS
2857,15,15,LOSS
2857,20,15,LOSS
3754,21,16,LOSS
3754,14,18,WIN
3754,19,13,LOSS
3754,13,14,WIN
3754,15,18,WIN
3754,15,15,LOSS
3754,9,21,WIN
3754,8,21,WIN
3754,12,7,LOSS
3754,14,13,LOSS
3754,20,20,LOSS
3754,4,18,WIN
3754,15,12,LOSS
3754,16,15,LOSS
3754,10,19,WIN
3754,14,21,WIN
3754,17,7,LOSS
3754,20,19,LOSS
3754,20,13,LOSS
3754,19,13,LOSS
3754,8,9,WIN
3754,14,21,WIN
3754,19,12,LOSS
3754,20,11,LOSS
3754,18,20,WIN
3754,11,16,WIN
3754,18,17,LOSS
3754,14,18,WIN
3754,20,17,LOSS
3754,13,17,WIN
3754,21,15,LOSS
3754,11,18,WIN
3754,9,20,WIN
3754,8,21,WIN
3754,20,20,LOSS
3754,13,13,LOSS
3754,14,20,WIN
3754,16,13,LOSS
3754,12,18,WIN
3754,20,15,LOSS
3754,8,14,WIN
3754,9,19,WIN
3754,12,17,WIN
3754,17,19,WIN
3754,18,13,LOSS
3754,18,20,WIN
3754,19,5,LOSS
3754,19,13,LOSS
3754,16,14,LOSS
3754,16,15,LOSS
3754,12,6,LOSS
3754,14,20,WIN
3754,16,20,WIN
3754,17,12,LOSS
3754,21,18,LOSS
3754,12,12,LOSS
3754,9,9,LOSS
3754,16,12,LOSS
3754,18,17,LOSS
3754,5,17,WIN
3754,14,21,WIN
3177,13,19,WIN
3177,7,7,LOSS
3177,15,12,LOSS
3177,9,14,WIN
3177,9,15,WIN
3177,15,12,LOSS
3177,12,12,LOSS
3177,14,18,WIN
3177,17,15,LOSS
3177,17,14,LOSS
3177,21,6,LOSS
3177,13,12,LOSS
3177,17,19,WIN
3177,20,26,LOSS
3177,19,20,WIN
3177,12,22,LOSS
3177,12,19,WIN
3177,7,12,WIN
3177,20,19,LOSS
3177,11,8,LOSS
3177,16,17,WIN
3177,20,13,LOSS
3177,21,10,LOSS
3177,15,23,LOSS
3177,19,9,LOSS
3177,11,14,WIN
3177,21,13,LOSS
3177,12,21,WIN
3177,18,19,WIN
3177,8,15,WIN
3177,11,10,LOSS
3177,12,6,LOSS
3177,17,19,WIN
3177,19,15,LOSS
3177,11,20,WIN
3177,19,19,LOSS
3177,12,14,WIN
3177,19,13,LOSS
3177,14,25,LOSS
3177,21,22,LOSS
3177,14,14,LOSS
3177,21,14,LOSS
3177,16,17,WIN
3177,14,13,LOSS
3177,16,18,WIN
3177,15,19,WIN
3177,16,12,LOSS
3177,17,18,WIN
3177,13,11,LOSS
3177,20,28,LOSS
3177,18,18,LOSS
3177,16,18,WIN
3177,10,20,WIN
3177,13,8,LOSS
3177,14,20,WIN
3177,14,12,LOSS
3177,19,20,WIN
3177,16,25,LOSS
3177,15,18,WIN
3177,20,7,LOSS
3177,16,18,WIN
5284,14,8,LOSS
5284,6,21,WIN
5284,13,12,LOSS
5284,17,18,WIN
5284,14,10,LOSS
5284,21,20,LOSS
5284,10,14,WIN
5284,18,8,LOSS
5284,15,17,WIN
5284,20,22,LOSS
5284,20,9,LOSS
5284,15,15,LOSS
5284,20,11,LOSS
5284,16,14,LOSS
5284,13,17,WIN
5284,14,12,LOSS
5284,13,14,WIN
5284,13,20,WIN
5284,16,12,LOSS
5284,19,23,LOSS
5284,18,15,LOSS
5284,17,9,LOSS
5284,18,26,LOSS
5284,18,17,LOSS
5284,12,9,LOSS
5284,10,24,LOSS
5284,17,22,LOSS
5284,17,20,WIN
5284,16,12,LOSS
5284,16,7,LOSS
5284,15,30,LOSS
5284,20,12,LOSS
5284,8,9,WIN
5284,10,20,WIN
5284,20,17,LOSS
5284,7,18,WIN
5284,8,19,WIN
5284,15,14,LOSS
5284,13,13,LOSS
5284,13,15,WIN
5284,17,12,LOSS
5284,14,25,LOSS
5284,21,20,LOSS
5284,17,20,WIN
5284,20,20,LOSS
5284,9,21,WIN
5284,19,18,LOSS
5284,12,8,LOSS
5284,18,12,LOSS
5284,17,19,WIN
5284,14,13,LOSS
5284,14,13,LOSS
5284,12,20,WIN
5284,20,19,LOSS
5284,10,22,LOSS
5284,19,10,LOSS
5284,13,15,WIN
5284,6,22,LOSS
5284,12,12,LOSS
5284,14,21,WIN
5284,18,15,LOSS
4536,20,18,LOSS
4536,17,18,WIN
4536,16,15,LOSS
4536,18,17,LOSS
4536,8,20,WIN
4536,15,14,LOSS
4536,5,14,WIN
4536,19,14,LOSS
4536,19,12,LOSS
4536,6,13,WIN
4536,11,18,WIN
4536,20,15,LOSS
4536,16,17,WIN
4536,17,18,WIN
4536,6,13,WIN
4536,13,10,LOSS
4536,13,20,WIN
4536,15,28,LOSS
4536,15,19,WIN
4536,10,13,WIN
4536,12,14,WIN
4536,8,21,WIN
4536,12,20,WIN
4536,20,6,LOSS
4536,9,18,WIN
4536,16,10,LOSS
4536,15,23,LOSS
4536,17,18,WIN
4536,17,17,LOSS
4536,14,13,LOSS
4536,19,13,LOSS
4536,14,14,LOSS
4536,16,17,WIN
4536,12,17,WIN
4536,10,20,WIN
4536,20,17,LOSS
4536,13,5,LOSS
4536,10,17,WIN
4536,13,15,WIN
4536,10,12,WIN
4536,14,14,LOSS
4536,12,20,WIN
4536,13,20,WIN
4536,12,17,WIN
4536,9,12,WIN
4536,10,19,WIN
4536,17,18,WIN
4536,15,19,WIN
4536,20,14,LOSS
4536,17,16,LOSS
4536,4,19,WIN
4536,13,19,WIN
4536,15,20,WIN
4536,19,17,LOSS
4536,9,13,WIN
4536,14,8,LOSS
4536,12,11,LOSS
4536,6,25,LOSS
4536,10,13,WIN
4536,18,25,LOSS
4536,12,12,LOSS
4536,16,19,WIN
4504,18,18,LOSS
4504,20,9,LOSS
4504,14,20,WIN
4504,18,21,WIN
4504,20,20,LOSS
4504,10,15,WIN
4504,21,13,LOSS
4504,14,12,LOSS
4504,21,19,LOSS
4504,13,20,WIN
4504,14,18,WIN
4504,11,20,WIN
4504,21,18,LOSS
4504,13,18,WIN
4504,18,13,LOSS
4504,11,21,WIN
4504,12,15,WIN
4504,17,9,LOSS
4504,10,19,WIN
4504,12,26,LOSS
4504,20,8,LOSS
4504,18,15,LOSS
4504,15,20,WIN
4504,12,13,WIN
4504,12,10,LOSS
4504,17,14,LOSS
4504,12,18,WIN
4504,10,19,WIN
4504,20,15,LOSS
4504,16,21,WIN
4504,13,18,WIN
4504,8,14,WIN
4504,13,21,WIN
4504,16,8,LOSS
4504,20,15,LOSS
4504,18,17,LOSS
4504,18,20,WIN
4504,17,5,LOSS
4504,13,12,LOSS
4504,15,15,LOSS
4504,18,20,WIN
4504,21,10,LOSS
4504,13,22,LOSS
4504,11,18,WIN
4504,21,25,LOSS
4504,13,6,LOSS
4504,9,13,WIN
4504,20,12,LOSS
4504,10,10,LOSS
4504,11,27,LOSS
4504,5,13,WIN
4504,19,12,LOSS
4504,19,21,WIN
4504,11,24,LOSS
4504,21,13,LOSS
4504,15,14,LOSS
4504,16,26,LOSS
4504,14,7,LOSS
4504,13,14,WIN
4504,10,18,WIN
4504,18,18,LOSS
8819,13,17,WIN
8819,14,7,LOSS
8819,7,12,WIN
8819,20,7,LOSS
8819,14,17,WIN
8819,11,15,WIN
8819,14,8,LOSS
8819,7,17,WIN
8819,18,21,WIN
8819,16,12,LOSS
8819,8,18,WIN
8819,9,9,LOSS
8819,8,26,LOSS
8819,13,12,LOSS
8819,17,21,WIN
8819,9,14,WIN
8819,8,7,LOSS
8819,21,16,LOSS
8819,16,20,WIN
8819,13,9,LOSS
8819,16,16,LOSS
8819,5,13,WIN
8819,17,26,LOSS
8819,14,13,LOSS
8819,16,20,WIN
8819,20,7,LOSS
8819,14,26,LOSS
8819,19,13,LOSS
8819,13,15,WIN
8819,20,18,LOSS
8819,21,12,LOSS
8819,21,19,LOSS
8819,14,19,WIN
8819,17,19,WIN
8819,7,10,WIN
8819,18,24,LOSS
8819,19,18,LOSS
8819,13,13,LOSS
8819,20,10,LOSS
8819,13,27,LOSS
8819,11,29,LOSS
8819,10,19,WIN
8819,17,5,LOSS
8819,13,17,WIN
8819,12,9,LOSS
8819,5,10,WIN
8819,18,14,LOSS
8819,14,15,WIN
8819,9,8,LOSS
8819,18,18,LOSS
8819,16,15,LOSS
8819,20,13,LOSS
8819,20,17,LOSS
8819,17,12,LOSS
8819,20,16,LOSS
8819,7,20,WIN
8819,13,12,LOSS
8819,20,19,LOSS
8819,20,18,LOSS
8819,17,7,LOSS
8819,8,14,WIN
8819,14,19,WIN
8819,20,28,LOSS
8715,13,12,LOSS
8715,4,12,WIN
8715,12,23,LOSS
8715,19,7,LOSS
8715,14,17,WIN
8715,10,20,WIN
8715,12,6,LOSS
8715,15,18,WIN
8715,10,13,WIN
8715,20,13,LOSS
8715,12,12,LOSS
8715,12,19,WIN
8715,16,12,LOSS
8715,12,21,WIN
8715,15,17,WIN
8715,14,8,LOSS
8715,9,12,WIN
8715,15,26,LOSS
8715,9,14,WIN
8715,12,14,WIN
8715,8,15,WIN
8715,15,15,LOSS
8715,20,26,LOSS
8715,15,20,WIN
8715,18,26,LOSS
8715,20,20,LOSS
8715,21,29,LOSS
8715,16,12,LOSS
8715,10,20,WIN
8715,8,20,WIN
8715,5,20,WIN
8715,17,24,LOSS
8715,8,20,WIN
8715,8,26,LOSS
8715,17,19,WIN
8715,20,10,LOSS
8715,17,27,LOSS
8715,20,13,LOSS
8715,14,20,WIN
8715,17,18,WIN
8715,16,12,LOSS
8715,20,15,LOSS
8715,18,16,LOSS
8715,13,21,WIN
8715,15,20,WIN
8715,12,9,LOSS
8715,18,13,LOSS
8715,10,12,WIN
8715,12,14,WIN
8715,18,17,LOSS
8715,12,13,WIN
8715,12,18,WIN
8715,13,30,LOSS
8715,11,15,WIN
8715,20,9,LOSS
8715,10,15,WIN
8715,16,13,LOSS
8715,17,9,LOSS
8715,10,20,WIN
8715,16,12,LOSS
8715,18,21,WIN
1669,20,24,LOSS
1669,12,28,LOSS
1669,14,12,LOSS
1669,13,8,LOSS
1669,12,20,WIN
1669,20,18,LOSS
1669,14,13,LOSS
1669,12,19,WIN
1669,12,6,LOSS
1669,12,20,WIN
1669,5,13,WIN
1669,15,13,LOSS
1669,9,13,WIN
1669,20,12,LOSS
1669,17,9,LOSS
1669,14,13,LOSS
1669,11,14,WIN
1669,12,17,WIN
1669,13,15,WIN
1669,18,13,LOSS
1669,19,14,LOSS
1669,14,19,WIN
1669,20,15,LOSS
1669,19,17,LOSS
1669,16,14,LOSS
1669,15,11,LOSS
1669,19,14,LOSS
1669,12,15,WIN
1669,17,30,LOSS
1669,21,16,LOSS
1669,20,20,LOSS
1669,17,26,LOSS
1669,6,19,WIN
1669,21,9,LOSS
1669,13,14,WIN
1669,19,18,LOSS
1669,12,7,LOSS
1669,10,15,WIN
1669,13,21,WIN
1669,9,17,WIN
1669,18,20,WIN
1669,20,19,LOSS
1669,12,10,LOSS
1669,17,13,LOSS
1669,11,8,LOSS
1669,20,9,LOSS
1669,11,12,WIN
1669,18,10,LOSS
1669,13,14,WIN
1669,21,12,LOSS
1669,10,15,WIN
1669,13,14,WIN
1669,12,17,WIN
1669,13,12,LOSS
1669,14,14,LOSS
1669,13,15,WIN
1669,11,8,LOSS
1669,8,14,WIN
1669,11,20,WIN
1669,12,13,WIN
1669,11,13,WIN
1669,17,19,WIN
6352,14,10,LOSS
6352,21,15,LOSS
6352,13,14,WIN
6352,15,20,WIN
6352,20,19,LOSS
6352,12,15,WIN
6352,20,15,LOSS
6352,17,6,LOSS
6352,8,18,WIN
6352,19,26,LOSS
6352,13,19,WIN
6352,19,13,LOSS
6352,16,11,LOSS
6352,12,17,WIN
6352,18,13,LOSS
6352,10,18,WIN
6352,9,13,WIN
6352,5,13,WIN
6352,18,20,WIN
6352,15,9,LOSS
6352,17,22,LOSS
6352,20,18,LOSS
6352,9,12,WIN
6352,17,17,LOSS
6352,11,20,WIN
6352,14,17,WIN
6352,20,17,LOSS
6352,14,26,LOSS
6352,13,20,WIN
6352,13,17,WIN
6352,21,23,LOSS
6352,17,14,LOSS
6352,12,12,LOSS
6352,6,10,WIN
6352,15,7,LOSS
6352,12,17,WIN
6352,15,20,WIN
6352,15,8,LOSS
6352,16,14,LOSS
6352,21,7,LOSS
6352,20,13,LOSS
6352,4,19,WIN
6352,15,21,WIN
6352,12,14,WIN
6352,19,19,LOSS
6352,11,15,WIN
6352,14,10,LOSS
6352,8,15,WIN
6352,19,14,LOSS
6352,13,17,WIN
6352,18,17,LOSS
6352,10,18,WIN
6352,12,20,WIN
6352,12,17,WIN
6352,18,12,LOSS
6352,16,19,WIN
6352,17,15,LOSS
6352,17,13,LOSS
6352,21,20,LOSS
6352,10,15,WIN
6352,11,19,WIN
9216,16,17,WIN
9216,18,12,LOSS
9216,13,18,WIN
9216,21,12,LOSS
9216,13,19,WIN
9216,13,9,LOSS
9216,9,6,LOSS
9216,20,22,LOSS
9216,7,19,WIN
9216,10,20,WIN
9216,11,12,WIN
9216,20,20,LOSS
9216,20,4,LOSS
9216,19,28,LOSS
9216,14,13,LOSS
9216,17,17,LOSS
9216,15,15,LOSS
9216,20,30,LOSS
9216,14,13,LOSS
9216,12,20,WIN
9216,11,24,LOSS
9216,21,20,LOSS
9216,17,21,WIN
9216,8,18,WIN
9216,14,15,WIN
9216,14,10,LOSS
9216,16,13,LOSS
9216,11,18,WIN
9216,11,9,LOSS
9216,12,15,WIN
9216,12,12,LOSS
9216,20,21,WIN
9216,19,9,LOSS
9216,14,14,LOSS
9216,9,17,WIN
9216,13,25,LOSS
9216,13,30,LOSS
9216,13,10,LOSS
9216,20,12,LOSS
9216,17,18,WIN
9216,12,19,WIN
9216,15,20,WIN
9216,13,26,LOSS
9216,14,7,LOSS
9216,20,18,LOSS
9216,8,19,WIN
9216,18,14,LOSS
9216,10,10,LOSS
9216,16,18,WIN
9216,12,13,WIN
9216,13,15,WIN
9216,7,15,WIN
9216,18,20,WIN
9216,21,12,LOSS
9216,14,14,LOSS
9216,14,18,WIN
9216,13,19,WIN
9216,18,14,LOSS
9216,20,10,LOSS
9216,12,20,WIN
9216,13,12,LOSS
6792,13,18,WIN
6792,12,18,WIN
6792,8,12,WIN
6792,15,5,LOSS
6792,20,26,LOSS
6792,9,14,WIN
6792,6,20,WIN
6792,6,12,WIN
6792,19,13,LOSS
6792,18,22,LOSS
6792,7,13,WIN
6792,14,13,LOSS
6792,19,13,LOSS
6792,6,4,LOSS
6792,20,14,LOSS
6792,6,20,WIN
6792,19,13,LOSS
6792,20,14,LOSS
6792,14,10,LOSS
6792,21,12,LOSS
6792,12,13,WIN
6792,5,17,WIN
6792,15,13,LOSS
6792,10,23,LOSS
6792,10,21,WIN
6792,18,19,WIN
6792,17,14,LOSS
6792,7,8,WIN
6792,14,20,WIN
6792,9,21,WIN
6792,20,4,LOSS
6792,13,13,LOSS
6792,10,13,WIN
6792,17,13,LOSS
6792,18,15,LOSS
6792,21,26,LOSS
6792,19,15,LOSS
6792,9,18,WIN
6792,13,21,WIN
6792,21,17,LOSS
6792,13,7,LOSS
6792,13,20,WIN
6792,16,12,LOSS
6792,10,20,WIN
6792,11,20,WIN
6792,17,20,WIN
6792,20,10,LOSS
6792,16,12,LOSS
6792,16,19,WIN
6792,14,13,LOSS
6792,14,13,LOSS
6792,15,20,WIN
6792,16,17,WIN
6792,19,9,LOSS
6792,16,17,WIN
6792,17,12,LOSS
6792,9,10,WIN
6792,21,12,LOSS
6792,14,15,WIN
6792,9,7,LOSS
6792,11,15,WIN
6792,20,17,LOSS
6792,20,14,LOSS
6792,14,20,WIN
8794,11,15,WIN
8794,19,15,LOSS
8794,20,10,LOSS
8794,15,10,LOSS
8794,11,15,WIN
8794,12,13,WIN
8794,9,20,WIN
8794,18,19,WIN
8794,14,20,WIN
8794,15,13,LOSS
8794,13,15,WIN
8794,13,13,LOSS
8794,19,17,LOSS
8794,16,10,LOSS
8794,17,7,LOSS
8794,13,19,WIN
8794,11,15,WIN
8794,7,19,WIN
8794,9,12,WIN
8794,10,18,WIN
8794,13,13,LOSS
8794,19,19,LOSS
8794,16,14,LOSS
8794,20,18,LOSS
8794,19,28,LOSS
8794,12,21,WIN
8794,15,18,WIN
8794,13,12,LOSS
8794,19,21,WIN
8794,15,18,WIN
8794,9,10,WIN
8794,11,6,LOSS
8794,16,20,WIN
8794,14,23,LOSS
8794,19,20,WIN
8794,11,12,WIN
8794,21,13,LOSS
8794,12,20,WIN
8794,19,20,WIN
8794,20,18,LOSS
8794,15,12,LOSS
8794,15,13,LOSS
8794,14,8,LOSS
8794,16,18,WIN
8794,16,18,WIN
8794,10,13,WIN
8794,15,15,LOSS
8794,13,19,WIN
8794,6,19,WIN
8794,7,5,LOSS
8794,20,17,LOSS
8794,15,13,LOSS
8794,12,8,LOSS
8794,16,13,LOSS
8794,20,14,LOSS
8794,12,14,WIN
8794,13,10,LOSS
8794,8,18,WIN
8794,15,13,LOSS
8794,11,15,WIN
8794,12,20,WIN
8794,12,19,WIN
8794,7,20,WIN
1489,15,15,LOSS
1489,15,24,LOSS
1489,6,20,WIN
1489,12,21,WIN
1489,17,14,LOSS
1489,20,15,LOSS
1489,20,5,LOSS
1489,13,6,LOSS
1489,15,23,LOSS
1489,15,20,WIN
1489,12,18,WIN
1489,15,18,WIN
1489,21,17,LOSS
1489,12,14,WIN
1489,12,15,WIN
1489,12,14,WIN
1489,8,19,WIN
1489,18,24,LOSS
1489,17,17,LOSS
1489,14,21,WIN
1489,18,15,LOSS
1489,9,17,WIN
1489,11,19,WIN
1489,6,13,WIN
1489,13,19,WIN
1489,21,17,LOSS
1489,9,10,WIN
1489,13,21,WIN
1489,18,10,LOSS
1489,13,21,WIN
1489,17,21,WIN
1489,20,20,LOSS
1489,12,20,WIN
1489,12,14,WIN
1489,5,20,WIN
1489,13,5,LOSS
1489,16,16,LOSS
1489,14,20,WIN
1489,12,20,WIN
1489,15,20,WIN
1489,14,19,WIN
1489,9,20,WIN
1489,8,10,WIN
1489,13,17,WIN
1489,17,28,LOSS
1489,19,18,LOSS
1489,20,18,LOSS
1489,18,15,LOSS
1489,17,10,LOSS
1489,20,10,LOSS
1489,9,20,WIN
1489,11,13,WIN
1489,16,10,LOSS
1489,12,15,WIN
1489,17,9,LOSS
1489,14,19,WIN
1489,15,8,LOSS
1489,19,15,LOSS
1489,14,15,WIN
1489,14,23,LOSS
1489,13,15,WIN
1489,15,20,WIN
3656,7,17,WIN
3656,12,14,WIN
3656,20,8,LOSS
3656,15,18,WIN
3656,13,17,WIN
3656,14,8,LOSS
3656,5,12,WIN
3656,18,18,LOSS
3656,4,19,WIN
3656,17,10,LOSS
3656,20,17,LOSS
3656,15,12,LOSS
3656,14,18,WIN
3656,16,14,LOSS
3656,16,17,WIN
3656,15,20,WIN
3656,9,28,LOSS
3656,9,12,WIN
3656,16,19,WIN
3656,20,9,LOSS
3656,15,18,WIN
3656,14,18,WIN
3656,18,15,LOSS
3656,14,30,LOSS
3656,17,19,WIN
3656,14,17,WIN
3656,15,6,LOSS
3656,14,12,LOSS
3656,11,7,LOSS
3656,20,21,WIN
3656,19,17,LOSS
3656,19,23,LOSS
3656,15,17,WIN
3656,12,13,WIN
3656,13,15,WIN
3656,16,20,WIN
3656,11,15,WIN
3656,12,18,WIN
3656,12,20,WIN
3656,21,18,LOSS
3656,20,9,LOSS
3656,20,12,LOSS
3656,14,10,LOSS
3656,18,17,LOSS
3656,10,19,WIN
3656,11,17,WIN
3656,13,20,WIN
3656,16,21,WIN
3656,10,15,WIN
3656,17,10,LOSS
3656,21,10,LOSS
3656,9,14,WIN
3656,13,15,WIN
3656,11,12,WIN
3656,12,13,WIN
3656,20,21,WIN
3656,13,19,WIN
3656,11,12,WIN
3656,15,19,WIN
3656,14,12,LOSS
3656,11,16,WIN
3656,15,14,LOSS
2308,11,12,WIN
2308,13,22,LOSS
2308,13,18,WIN
2308,21,27,LOSS
2308,6,27,LOSS
2308,13,12,LOSS
2308,20,10,LOSS
2308,15,9,LOSS
2308,19,14,LOSS
2308,19,8,LOSS
2308,20,17,LOSS
2308,17,13,LOSS
2308,19,15,LOSS
2308,15,13,LOSS
2308,9,24,LOSS
2308,20,21,WIN
2308,17,20,WIN
2308,18,15,LOSS
2308,14,18,WIN
2308,17,20,WIN
2308,16,20,WIN
2308,8,14,WIN
2308,13,13,LOSS
2308,17,19,WIN
2308,19,18,LOSS
2308,14,13,LOSS
2308,8,18,WIN
2308,12,12,LOSS
2308,8,26,LOSS
2308,13,10,LOSS
2308,13,30,LOSS
2308,14,15,WIN
2308,20,15,LOSS
2308,19,13,LOSS
2308,10,13,WIN
2308,19,15,LOSS
2308,16,25,LOSS
2308,12,18,WIN
2308,10,15,WIN
2308,16,15,LOSS
2308,14,20,WIN
2308,18,13,LOSS
2308,12,19,WIN
2308,16,15,LOSS
2308,12,17,WIN
2308,12,19,WIN
2308,17,17,LOSS
2308,16,7,LOSS
2308,12,12,LOSS
2308,15,12,LOSS
2308,16,20,WIN
2308,14,19,WIN
2308,10,17,WIN
2308,17,12,LOSS
2308,14,21,WIN
2308,14,18,WIN
2308,16,19,WIN
2308,16,22,LOSS
2308,13,4,LOSS
2308,8,12,WIN
8520,16,12,LOSS
8520,19,17,LOSS
8520,14,18,WIN
8520,14,9,LOSS
8520,16,14,LOSS
8520,14,8,LOSS
8520,14,8,LOSS
8520,17,19,WIN
8520,17,29,LOSS
8520,17,14,LOSS
8520,17,7,LOSS
8520,15,12,LOSS
8520,19,19,LOSS
8520,7,19,WIN
8520,14,13,LOSS
8520,10,19,WIN
8520,16,14,LOSS
8520,20,17,LOSS
8520,20,13,LOSS
8520,21,19,LOSS
8520,20,15,LOSS
8520,14,21,WIN
8520,11,12,WIN
8520,16,18,WIN
8520,20,10,LOSS
8520,19,17,LOSS
8520,9,10,WIN
8520,7,18,WIN
8520,12,17,WIN
8520,10,12,WIN
8520,7,12,WIN
8520,19,12,LOSS
8520,16,19,WIN
8520,18,20,WIN
8520,11,20,WIN
8520,16,20,WIN
8520,14,15,WIN
8520,9,19,WIN
8520,12,24,LOSS
8520,20,23,LOSS
8520,13,9,LOSS
8520,15,21,WIN
8520,18,7,LOSS
8520,10,26,LOSS
8520,12,20,WIN
8520,13,17,WIN
8520,12,13,WIN
8520,8,13,WIN
8520,19,21,WIN
8520,15,14,LOSS
8520,11,26,LOSS
8520,20,23,LOSS
8520,13,21,WIN
8520,13,12,LOSS
8520,14,19,WIN
8520,20,21,WIN
8520,21,24,LOSS
8520,8,19,WIN
8520,12,18,WIN
8520,17,27,LOSS
1110,14,14,LOSS
1110,20,26,LOSS
1110,11,13,WIN
1110,5,7,WIN
1110,18,23,LOSS
1110,20,20,LOSS
1110,11,12,WIN
1110,16,20,WIN
1110,12,20,WIN
1110,18,20,WIN
1110,21,16,LOSS
1110,12,21,WIN
1110,12,17,WIN
1110,19,8,LOSS
1110,8,15,WIN
1110,14,13,LOSS
1110,10,12,WIN
1110,16,9,LOSS
1110,21,14,LOSS
1110,12,15,WIN
1110,4,21,WIN
1110,12,12,LOSS
1110,20,19,LOSS
1110,10,12,WIN
1110,14,20,WIN
1110,15,4,LOSS
1110,9,26,LOSS
1110,13,18,WIN
1110,12,17,WIN
1110,14,18,WIN
1110,19,26,LOSS
1110,8,14,WIN
1110,20,26,LOSS
1110,12,14,WIN
1110,15,6,LOSS
1110,6,12,WIN
1110,20,20,LOSS
1110,15,15,LOSS
1110,15,20,WIN
1110,21,12,LOSS
1110,16,14,LOSS
1110,19,10,LOSS
1110,12,13,WIN
1110,12,21,WIN
1110,10,13,WIN
1110,14,20,WIN
1110,16,26,LOSS
1110,13,14,WIN
1110,12,18,WIN
1110,14,20,WIN
1110,20,21,WIN
1110,7,24,LOSS
1110,9,19,WIN
1110,18,5,LOSS
1110,12,21,WIN
1110,15,20,WIN
1110,11,17,WIN
1110,18,6,LOSS
1110,16,7,LOSS
1110,12,18,WIN
1110,18,14,LOSS
2789,7,9,WIN
2789,15,12,LOSS
2789,12,12,LOSS
2789,12,17,WIN
2789,9,17,WIN
2789,17,15,LOSS
2789,14,20,WIN
2789,20,20,LOSS
2789,14,17,WIN
2789,20,21,WIN
2789,15,21,WIN
2789,20,15,LOSS
2789,13,10,LOSS
2789,15,15,LOSS
2789,13,13,LOSS
2789,13,22,LOSS
2789,19,13,LOSS
2789,8,18,WIN
2789,20,8,LOSS
2789,16,7,LOSS
2789,20,18,LOSS
2789,21,20,LOSS
2789,12,19,WIN
2789,12,27,LOSS
2789,14,14,LOSS
2789,15,7,LOSS
2789,15,14,LOSS
2789,7,18,WIN
2789,16,14,LOSS
2789,13,17,WIN
2789,16,17,WIN
2789,10,10,LOSS
2789,19,17,LOSS
2789,8,19,WIN
2789,13,23,LOSS
2789,14,7,LOSS
2789,12,22,LOSS
2789,13,9,LOSS
2789,15,15,LOSS
2789,17,15,LOSS
2789,7,10,WIN
2789,21,6,LOSS
2789,15,19,WIN
2789,19,13,LOSS
2789,16,14,LOSS
2789,11,17,WIN
2789,20,9,LOSS
2789,6,24,LOSS
2789,6,8,WIN
2789,20,10,LOSS
2789,19,12,LOSS
2789,18,22,LOSS
2789,17,19,WIN
2789,20,20,LOSS
2789,21,18,LOSS
2789,16,13,LOSS
2789,12,10,LOSS
2789,20,18,LOSS
2789,11,14,WIN
2789,20,26,LOSS
2789,16,22,LOSS
2789,11,6,LOSS
5638,17,20,WIN
5638,8,10,WIN
5638,12,18,WIN
5638,16,14,LOSS
5638,14,19,WIN
5638,7,15,WIN
5638,11,10,LOSS
5638,14,14,LOSS
5638,21,16,LOSS
5638,21,18,LOSS
5638,19,19,LOSS
5638,13,13,LOSS
5638,18,12,LOSS
5638,20,18,LOSS
5638,20,27,LOSS
5638,19,17,LOSS
5638,10,19,WIN
5638,17,15,LOSS
5638,12,21,WIN
5638,6,20,WIN
5638,11,15,WIN
5638,14,23,LOSS
5638,20,12,LOSS
5638,15,13,LOSS
5638,21,25,LOSS
5638,10,19,WIN
5638,13,19,WIN
5638,13,14,WIN
5638,15,14,LOSS
5638,20,21,WIN
5638,16,13,LOSS
5638,16,9,LOSS
5638,16,13,LOSS
5638,14,19,WIN
5638,5,20,WIN
5638,8,18,WIN
5638,17,14,LOSS
5638,11,15,WIN
5638,7,19,WIN
5638,19,17,LOSS
5638,17,20,WIN
5638,8,19,WIN
5638,5,10,WIN
5638,14,9,LOSS
5638,6,19,WIN
5638,18,13,LOSS
5638,12,6,LOSS
5638,13,21,WIN
5638,12,14,WIN
5638,12,15,WIN
5638,16,10,LOSS
5638,20,12,LOSS
5638,17,12,LOSS
5638,20,8,LOSS
5638,21,15,LOSS
5638,20,14,LOSS
5638,17,20,WIN
5638,14,15,WIN
5638,10,26,LOSS
5638,20,4,LOSS
5638,14,21,WIN
5638,20,13,LOSS
997,13,12,LOSS
997,21,20,LOSS
997,17,19,WIN
997,16,5,LOSS
997,10,15,WIN
997,14,14,LOSS
997,13,19,WIN
997,20,19,LOSS
997,13,8,LOSS
997,13,14,WIN
997,16,13,LOSS
997,12,17,WIN
997,20,21,WIN
997,17,8,LOSS
997,20,14,LOSS
997,15,24,LOSS
997,11,15,WIN
997,14,17,WIN
997,10,26,LOSS
997,18,15,LOSS
997,13,20,WIN
997,21,10,LOSS
997,17,18,WIN
997,15,20,WIN
997,11,13,WIN
997,12,18,WIN
997,10,13,WIN
997,15,15,LOSS
997,9,20,WIN
997,20,16,LOSS
997,17,18,WIN
997,19,18,LOSS
997,20,15,LOSS
997,15,14,LOSS
997,15,21,WIN
997,12,19,WIN
997,20,13,LOSS
997,15,19,WIN
997,8,12,WIN
997,16,17,WIN
997,10,13,WIN
997,7,14,WIN
997,15,6,LOSS
997,19,26,LOSS
997,17,15,LOSS
997,12,9,LOSS
997,14,13,LOSS
997,18,14,LOSS
997,6,17,WIN
997,12,13,WIN
997,12,14,WIN
997,18,20,WIN
997,7,19,WIN
997,15,15,LOSS
997,16,12,LOSS
997,19,20,WIN
997,8,12,WIN
997,16,20,WIN
997,14,13,LOSS
997,13,10,LOSS
997,7,14,WIN
997,20,20,LOSS
9655,19,18,LOSS
9655,16,21,WIN
9655,11,12,WIN
9655,17,20,WIN
9655,14,18,WIN
9655,16,13,LOSS
9655,12,13,WIN
9655,15,29,LOSS
9655,8,12,WIN
9655,21,26,LOSS
9655,14,20,WIN
9655,15,15,LOSS
9655,18,7,LOSS
9655,7,13,WIN
9655,9,13,WIN
9655,18,26,LOSS
9655,16,17,WIN
9655,14,22,LOSS
9655,21,13,LOSS
9655,9,6,LOSS
9655,5,20,WIN
9655,15,15,LOSS
9655,14,18,WIN
9655,12,5,LOSS
9655,17,9,LOSS
9655,17,18,WIN
9655,20,13,LOSS
9655,18,7,LOSS
9655,18,14,LOSS
9655,17,18,WIN
9655,15,20,WIN
9655,9,9,LOSS
9655,13,20,WIN
9655,16,20,WIN
9655,18,21,WIN
9655,21,20,LOSS
9655,19,20,WIN
9655,8,20,WIN
9655,12,21,WIN
9655,9,10,WIN
9655,14,7,LOSS
9655,16,21,WIN
9655,14,23,LOSS
9655,8,8,LOSS
9655,13,19,WIN
9655,20,19,LOSS
9655,12,12,LOSS
9655,13,18,WIN
9655,17,13,LOSS
9655,12,18,WIN
9655,14,18,WIN
9655,18,14,LOSS
9655,12,20,WIN
9655,8,6,LOSS
9655,12,24,LOSS
9655,16,21,WIN
9655,20,15,LOSS
9655,17,18,WIN
9655,17,20,WIN
9655,16,8,LOSS
9655,5,7,WIN
9655,19,21,WIN
7805,7,9,WIN
7805,13,6,LOSS
7805,10,15,WIN
7805,9,10,WIN
7805,12,12,LOSS
7805,17,13,LOSS
7805,13,10,LOSS
7805,12,8,LOSS
7805,12,22,LOSS
7805,20,25,LOSS
7805,16,24,LOSS
7805,19,20,WIN
7805,20,21,WIN
7805,14,17,WIN
7805,10,29,LOSS
7805,9,9,LOSS
7805,20,10,LOSS
7805,21,18,LOSS
7805,13,13,LOSS
7805,13,19,WIN
7805,14,20,WIN
7805,11,18,WIN
7805,10,8,LOSS
7805,15,19,WIN
7805,20,17,LOSS
7805,8,12,WIN
7805,18,17,LOSS
7805,20,19,LOSS
7805,13,8,LOSS
7805,14,12,LOSS
7805,18,15,LOSS
7805,16,14,LOSS
7805,20,15,LOSS
7805,16,19,WIN
7805,12,12,LOSS
7805,18,15,LOSS
7805,6,19,WIN
7805,13,14,WIN
7805,12,20,WIN
7805,16,9,LOSS
7805,11,13,WIN
7805,13,5,LOSS
7805,15,18,WIN
7805,16,12,LOSS
7805,12,14,WIN
7805,15,14,LOSS
7805,19,15,LOSS
7805,16,15,LOSS
7805,16,21,WIN
7805,12,17,WIN
7805,6,20,WIN
7805,12,20,WIN
7805,19,13,LOSS
7805,13,22,LOSS
7805,19,17,LOSS
7805,20,13,LOSS
7805,15,12,LOSS
7805,18,19,WIN
7805,18,22,LOSS
7805,13,17,WIN
7805,11,21,WIN
7805,20,12,LOSS
9467,19,17,LOSS
9467,21,13,LOSS
9467,18,14,LOSS
9467,16,10,LOSS
9467,16,13,LOSS
9467,13,16,WIN
9467,20,20,LOSS
9467,13,9,LOSS
9467,11,13,WIN
9467,18,19,WIN
9467,15,19,WIN
9467,12,18,WIN
9467,18,13,LOSS
9467,9,8,LOSS
9467,20,28,LOSS
9467,15,15,LOSS
9467,8,18,WIN
9467,18,20,WIN
9467,14,20,WIN
9467,15,20,WIN
9467,11,14,WIN
9467,20,6,LOSS
9467,8,21,WIN
9467,12,15,WIN
9467,14,14,LOSS
9467,14,12,LOSS
9467,14,12,LOSS
9467,14,19,WIN
9467,13,19,WIN
9467,12,13,WIN
9467,14,17,WIN
9467,14,21,WIN
9467,9,23,LOSS
9467,20,14,LOSS
9467,8,10,WIN
9467,13,11,LOSS
9467,16,5,LOSS
9467,15,17,WIN
9467,5,15,WIN
9467,21,12,LOSS
9467,20,4,LOSS
9467,12,7,LOSS
9467,17,13,LOSS
9467,19,15,LOSS
9467,13,18,WIN
9467,21,26,LOSS
9467,20,22,LOSS
9467,10,13,WIN
9467,18,14,LOSS
9467,7,13,WIN
9467,12,24,LOSS
9467,14,21,WIN
9467,13,17,WIN
9467,13,15,WIN
9467,20,14,LOSS
9467,6,23,LOSS
9467,20,13,LOSS
9467,21,20,LOSS
9467,18,18,LOSS
9467,15,12,LOSS
9467,20,14,LOSS
5353,11,9,LOSS
5353,14,20,WIN
5353,12,15,WIN
5353,20,17,LOSS
5353,20,12,LOSS
5353,18,8,LOSS
5353,18,13,LOSS
5353,18,19,WIN
5353,14,26,LOSS
5353,17,12,LOSS
5353,20,17,LOSS
5353,13,4,LOSS
5353,17,19,WIN
5353,21,16,LOSS
5353,11,12,WIN
5353,7,19,WIN
5353,14,16,WIN
5353,14,17,WIN
5353,21,17,LOSS
5353,19,20,WIN
5353,20,10,LOSS
5353,20,19,LOSS
5353,5,14,WIN
5353,10,26,LOSS
5353,14,25,LOSS
5353,5,12,WIN
5353,11,13,WIN
5353,20,17,LOSS
5353,10,17,WIN
5353,12,8,LOSS
5353,7,21,WIN
5353,20,14,LOSS
5353,18,17,LOSS
5353,20,19,LOSS
5353,11,19,WIN
5353,17,22,LOSS
5353,14,14,LOSS
5353,18,21,WIN
5353,5,19,WIN
5353,19,22,LOSS
5353,18,20,WIN
5353,10,27,LOSS
5353,10,20,WIN
5353,15,18,WIN
5353,7,17,WIN
5353,4,13,WIN
5353,19,18,LOSS
5353,20,20,LOSS
5353,18,21,WIN
5353,13,19,WIN
5353,18,26,LOSS
5353,17,15,LOSS
5353,7,20,WIN
5353,12,13,WIN
5353,13,10,LOSS
5353,15,17,WIN
5353,15,12,LOSS
5353,14,15,WIN
5353,13,26,LOSS
5353,20,21,WIN
5353,12,17,WIN
1352,13,22,LOSS
1352,16,14,LOSS
1352,12,20,WIN
1352,16,9,LOSS
1352,17,14,LOSS
1352,19,18,LOSS
1352,16,14,LOSS
1352,15,21,WIN
1352,7,12,WIN
1352,10,18,WIN
1352,5,18,WIN
1352,21,16,LOSS
1352,12,12,LOSS
1352,17,19,WIN
1352,6,20,WIN
1352,20,13,LOSS
1352,9,13,WIN
1352,21,20,LOSS
1352,20,19,LOSS
1352,18,7,LOSS
1352,6,18,WIN
1352,13,26,LOSS
1352,9,14,WIN
1352,13,14,WIN
1352,14,19,WIN
1352,11,6,LOSS
1352,9,20,WIN
1352,17,9,LOSS
1352,10,7,LOSS
1352,15,9,LOSS
1352,18,13,LOSS
1352,13,17,WIN
1352,9,26,LOSS
1352,18,18,LOSS
1352,19,14,LOSS
1352,16,12,LOSS
1352,14,8,LOSS
1352,14,26,LOSS
1352,12,19,WIN
1352,13,17,WIN
1352,20,19,LOSS
1352,15,20,WIN
1352,14,13,LOSS
1352,15,20,WIN
1352,13,19,WIN
1352,16,14,LOSS
1352,12,21,WIN
1352,11,7,LOSS
1352,17,14,LOSS
1352,12,18,WIN
1352,15,23,LOSS
1352,18,15,LOSS
1352,15,18,WIN
1352,13,20,WIN
1352,15,13,LOSS
1352,10,18,WIN
1352,12,14,WIN
1352,14,21,WIN
1352,12,13,WIN
1352,20,15,LOSS
1352,13,26,LOSS
4415,21,20,LOSS
4415,19,19,LOSS
4415,20,12,LOSS
4415,8,8,LOSS
4415,15,18,WIN
4415,17,9,LOSS
4415,14,14,LOSS
4415,17,17,LOSS
4415,13,15,WIN
4415,20,17,LOSS
4415,14,13,LOSS
4415,14,21,WIN
4415,10,12,WIN
4415,12,14,WIN
4415,17,15,LOSS
4415,19,18,LOSS
4415,10,14,WIN
4415,18,20,WIN
4415,21,14,LOSS
4415,14,14,LOSS
4415,20,18,LOSS
4415,15,22,LOSS
4415,10,12,WIN
4415,17,12,LOSS
4415,9,18,WIN
4415,9,18,WIN
4415,15,19,WIN
4415,19,8,LOSS
4415,10,18,WIN
4415,13,21,WIN
4415,13,17,WIN
4415,14,15,WIN
4415,14,21,WIN
4415,17,8,LOSS
4415,17,8,LOSS
4415,9,14,WIN
4415,16,10,LOSS
4415,16,15,LOSS
4415,13,12,LOSS
4415,18,14,LOSS
4415,12,19,WIN
4415,20,20,LOSS
4415,21,12,LOSS
4415,14,12,LOSS
4415,11,12,WIN
4415,8,15,WIN
4415,12,19,WIN
4415,21,21,LOSS
4415,6,9,WIN
4415,13,17,WIN
4415,20,15,LOSS
4415,19,10,LOSS
4415,12,15,WIN
4415,20,10,LOSS
4415,11,19,WIN
4415,12,19,WIN
4415,11,8,LOSS
4415,17,18,WIN
4415,14,19,WIN
4415,13,17,WIN
4415,20,13,LOSS
4415,17,13,LOSS
4415,13,19,WIN
5123,15,7,LOSS
5123,17,18,WIN
5123,15,24,LOSS
5123,14,20,WIN
5123,8,20,WIN
5123,19,29,LOSS
5123,15,17,WIN
5123,10,13,WIN
5123,17,13,LOSS
5123,13,9,LOSS
5123,15,18,WIN
5123,15,19,WIN
5123,6,17,WIN
5123,13,15,WIN
5123,18,22,LOSS
5123,16,12,LOSS
5123,18,12,LOSS
5123,15,8,LOSS
5123,20,12,LOSS
5123,19,25,LOSS
5123,13,13,LOSS
5123,9,23,LOSS
5123,19,10,LOSS
5123,17,18,WIN
5123,18,22,LOSS
5123,13,13,LOSS
5123,9,7,LOSS
5123,15,18,WIN
5123,13,18,WIN
5123,21,10,LOSS
5123,16,18,WIN
5123,18,19,WIN
5123,9,19,WIN
5123,16,18,WIN
5123,15,20,WIN
5123,12,14,WIN
5123,11,12,WIN
5123,13,20,WIN
5123,13,15,WIN
5123,21,9,LOSS
5123,17,14,LOSS
5123,12,12,LOSS
5123,18,17,LOSS
5123,14,19,WIN
5123,16,21,WIN
5123,12,4,LOSS
5123,14,15,WIN
5123,12,13,WIN
5123,20,6,LOSS
5123,19,13,LOSS
5123,18,12,LOSS
5123,15,17,WIN
5123,19,25,LOSS
5123,14,12,LOSS
5123,12,13,WIN
5123,5,16,WIN
5123,8,20,WIN
5123,15,27,LOSS
5123,17,15,LOSS
5123,11,18,WIN
5123,13,20,WIN
1627,20,19,LOSS
1627,9,10,WIN
1627,9,4,LOSS
1627,16,9,LOSS
1627,6,25,LOSS
1627,12,15,WIN
1627,9,20,WIN
1627,10,17,WIN
1627,13,26,LOSS
1627,19,9,LOSS
1627,13,14,WIN
1627,14,21,WIN
1627,14,13,LOSS
1627,17,14,LOSS
1627,16,15,LOSS
1627,20,25,LOSS
1627,12,17,WIN
1627,14,24,LOSS
1627,18,13,LOSS
1627,20,10,LOSS
1627,14,18,WIN
1627,20,7,LOSS
1627,14,21,WIN
1627,10,12,WIN
1627,14,20,WIN
1627,12,10,LOSS
1627,16,7,LOSS
1627,8,19,WIN
1627,12,13,WIN
1627,20,8,LOSS
1627,20,20,LOSS
1627,16,9,LOSS
1627,12,17,WIN
1627,15,13,LOSS
1627,20,13,LOSS
1627,18,12,LOSS
1627,13,14,WIN
1627,20,20,LOSS
1627,20,16,LOSS
1627,17,20,WIN
1627,13,12,LOSS
1627,17,17,LOSS
1627,15,12,LOSS
1627,13,6,LOSS
1627,17,12,LOSS
1627,16,13,LOSS
1627,7,19,WIN
1627,10,26,LOSS
1627,18,18,LOSS
1627,8,13,WIN
1627,12,13,WIN
1627,19,20,WIN
1627,14,7,LOSS
1627,18,17,LOSS
1627,19,12,LOSS
1627,15,20,WIN
1627,13,9,LOSS
1627,20,13,LOSS
1627,14,21,WIN
1627,15,23,LOSS
1627,12,15,WIN
1627,20,10,LOSS
1627,18,18,LOSS
2999,17,20,WIN
2999,15,21,WIN
2999,7,7,LOSS
2999,13,13,LOSS
2999,15,14,LOSS
2999,16,14,LOSS
2999,9,12,WIN
2999,16,15,LOSS
2999,7,17,WIN
2999,17,13,LOSS
2999,17,14,LOSS
2999,20,17,LOSS
2999,15,19,WIN
2999,15,13,LOSS
2999,20,12,LOSS
2999,8,15,WIN
2999,13,12,LOSS
2999,20,14,LOSS
2999,19,20,WIN
2999,17,12,LOSS
2999,16,17,WIN
2999,21,20,LOSS
2999,16,27,LOSS
2999,17,14,LOSS
2999,13,19,WIN
2999,14,15,WIN
2999,18,7,LOSS
2999,17,17,LOSS
2999,17,12,LOSS
2999,13,12,LOSS
2999,14,14,LOSS
2999,20,26,LOSS
2999,16,15,LOSS
2999,5,20,WIN
2999,16,15,LOSS
2999,18,7,LOSS
2999,4,19,WIN
2999,7,12,WIN
2999,19,18,LOSS
2999,12,9,LOSS
2999,7,19,WIN
2999,15,18,WIN
2999,20,12,LOSS
2999,20,25,LOSS
2999,20,19,LOSS
2999,10,18,WIN
2999,12,12,LOSS
2999,11,23,LOSS
2999,6,18,WIN
2999,13,20,WIN
2999,18,5,LOSS
2999,12,17,WIN
2999,13,15,WIN
2999,19,26,LOSS
2999,17,14,LOSS
2999,18,18,LOSS
2999,14,13,LOSS
2999,18,14,LOSS
2999,21,19,LOSS
2999,11,6,LOSS
2999,16,21,WIN
2732,11,14,WIN
2732,21,12,LOSS
2732,9,9,LOSS
2732,6,20,WIN
2732,12,20,WIN
2732,16,15,LOSS
2732,19,9,LOSS
2732,18,20,WIN
2732,12,14,WIN
2732,16,29,LOSS
2732,20,10,LOSS
2732,14,13,LOSS
2732,9,19,WIN
2732,10,13,WIN
2732,21,18,LOSS
2732,13,14,WIN
2732,11,21,WIN
2732,20,14,LOSS
2732,20,12,LOSS
2732,13,14,WIN
2732,18,7,LOSS
2732,13,12,LOSS
2732,11,14,WIN
2732,12,13,WIN
2732,21,15,LOSS
2732,17,18,WIN
2732,18,18,LOSS
2732,15,20,WIN
2732,20,22,LOSS
2732,14,18,WIN
2732,10,14,WIN
2732,13,12,LOSS
2732,18,20,WIN
2732,15,10,LOSS
2732,17,8,LOSS
2732,13,13,LOSS
2732,18,20,WIN
2732,12,13,WIN
2732,21,18,LOSS
2732,19,15,LOSS
2732,17,13,LOSS
2732,17,27,LOSS
2732,20,12,LOSS
2732,15,12,LOSS
2732,20,19,LOSS
2732,9,8,LOSS
2732,20,22,LOSS
2732,19,12,LOSS
2732,8,19,WIN
2732,11,18,WIN
2732,20,15,LOSS
2732,15,19,WIN
2732,6,15,WIN
2732,17,19,WIN
2732,21,12,LOSS
2732,13,14,WIN
2732,10,17,WIN
2732,12,12,LOSS
2732,20,13,LOSS
2732,11,14,WIN
2732,11,14,WIN
2732,17,21,WIN
8467,17,20,WIN
8467,10,15,WIN
8467,18,15,LOSS
8467,9,14,WIN
8467,15,12,LOSS
8467,15,20,WIN
8467,18,25,LOSS
8467,9,12,WIN
8467,12,17,WIN
8467,19,15,LOSS
8467,14,20,WIN
8467,17,13,LOSS
8467,17,9,LOSS
8467,19,21,WIN
8467,16,8,LOSS
8467,21,23,LOSS
8467,14,12,LOSS
8467,13,20,WIN
8467,18,19,WIN
8467,21,15,LOSS
8467,19,8,LOSS
8467,13,20,WIN
8467,12,15,WIN
8467,16,22,LOSS
8467,20,15,LOSS
8467,19,16,LOSS
8467,5,9,WIN
8467,16,8,LOSS
8467,17,14,LOSS
8467,16,17,WIN
8467,14,15,WIN
8467,21,15,LOSS
8467,15,13,LOSS
8467,16,18,WIN
8467,8,10,WIN
8467,12,16,WIN
8467,14,20,WIN
8467,15,21,WIN
8467,16,12,LOSS
8467,12,8,LOSS
8467,21,14,LOSS
8467,12,13,WIN
8467,12,19,WIN
8467,9,12,WIN
8467,8,18,WIN
8467,20,10,LOSS
8467,13,20,WIN
8467,15,16,WIN
8467,19,6,LOSS
8467,11,20,WIN
8467,16,13,LOSS
8467,7,20,WIN
8467,16,8,LOSS
8467,20,21,WIN
8467,16,14,LOSS
8467,12,15,WIN
8467,12,10,LOSS
8467,19,21,WIN
8467,12,20,WIN
8467,17,20,WIN
8467,19,20,WIN
8467,15,11,LOSS
8467,21,8,LOSS
4273,14,14,LOSS
4273,17,21,WIN
4273,20,5,LOSS
4273,5,29,LOSS
4273,11,20,WIN
4273,9,18,WIN
4273,12,18,WIN
4273,12,8,LOSS
4273,15,18,WIN
4273,13,14,WIN
4273,8,22,LOSS
4273,17,14,LOSS
4273,11,8,LOSS
4273,13,20,WIN
4273,13,17,WIN
4273,20,18,LOSS
4273,11,12,WIN
4273,12,16,WIN
4273,13,15,WIN
4273,10,12,WIN
4273,18,17,LOSS
4273,16,18,WIN
4273,19,17,LOSS
4273,13,21,WIN
4273,11,15,WIN
4273,18,10,LOSS
4273,20,15,LOSS
4273,18,14,LOSS
4273,14,17,WIN
4273,16,17,WIN
4273,11,19,WIN
4273,10,12,WIN
4273,16,15,LOSS
4273,20,20,LOSS
4273,18,8,LOSS
4273,12,9,LOSS
4273,20,15,LOSS
4273,19,17,LOSS
4273,7,7,LOSS
4273,17,12,LOSS
4273,15,15,LOSS
4273,14,15,WIN
4273,13,26,LOSS
4273,12,12,LOSS
4273,20,20,LOSS
4273,16,19,WIN
4273,4,17,WIN
4273,20,4,LOSS
4273,20,15,LOSS
4273,12,18,WIN
4273,8,15,WIN
4273,14,12,LOSS
4273,12,10,LOSS
4273,8,14,WIN
4273,20,20,LOSS
4273,20,21,WIN
4273,17,7,LOSS
4273,13,13,LOSS
4273,19,6,LOSS
4273,13,15,WIN
4273,13,17,WIN
4273,20,20,LOSS
4273,21,18,LOSS
4273,16,25,LOSS
6733,21,15,LOSS
6733,12,18,WIN
6733,17,19,WIN
6733,13,19,WIN
6733,12,20,WIN
6733,8,20,WIN
6733,13,14,WIN
6733,20,20,LOSS
6733,15,17,WIN
6733,9,12,WIN
6733,11,24,LOSS
6733,20,21,WIN
6733,7,15,WIN
6733,9,9,LOSS
6733,21,12,LOSS
6733,13,20,WIN
6733,9,14,WIN
6733,11,15,WIN
6733,18,17,LOSS
6733,9,14,WIN
6733,9,12,WIN
6733,20,8,LOSS
6733,11,15,WIN
6733,8,10,WIN
6733,15,14,LOSS
6733,13,25,LOSS
6733,13,29,LOSS
6733,12,20,WIN
6733,15,17,WIN
6733,13,14,WIN
6733,15,18,WIN
6733,18,18,LOSS
6733,14,14,LOSS
6733,14,15,WIN
6733,15,20,WIN
6733,15,17,WIN
6733,10,17,WIN
6733,8,10,WIN
6733,16,18,WIN
6733,10,13,WIN
6733,17,17,LOSS
6733,13,13,LOSS
6733,16,17,WIN
6733,12,19,WIN
6733,12,18,WIN
6733,18,12,LOSS
6733,14,13,LOSS
6733,19,13,LOSS
6733,6,17,WIN
6733,20,19,LOSS
6733,21,19,LOSS
6733,17,26,LOSS
6733,16,12,LOSS
6733,17,24,LOSS
6733,16,14,LOSS
6733,11,18,WIN
6733,16,17,WIN
6733,20,9,LOSS
6733,9,14,WIN
6733,15,13,LOSS
2755,13,12,LOSS
2755,12,27,LOSS
2755,12,8,LOSS
2755,11,12,WIN
2755,20,20,LOSS
2755,19,20,WIN
2755,12,13,WIN
2755,21,14,LOSS
2755,20,12,LOSS
2755,20,26,LOSS
2755,13,15,WIN
2755,15,15,LOSS
2755,20,14,LOSS
2755,15,8,LOSS
2755,16,15,LOSS
2755,15,20,WIN
2755,12,8,LOSS
2755,12,15,WIN
2755,12,20,WIN
2755,21,13,LOSS
2755,17,17,LOSS
2755,13,16,WIN
2755,17,5,LOSS
2755,19,27,LOSS
2755,13,7,LOSS
2755,15,15,LOSS
2755,12,11,LOSS
2755,17,13,LOSS
2755,15,8,LOSS
2755,4,17,WIN
2755,16,20,WIN
2755,21,20,LOSS
2755,11,17,WIN
2755,20,20,LOSS
2755,15,12,LOSS
2755,15,5,LOSS
2755,14,12,LOSS
2755,16,20,WIN
2755,20,13,LOSS
2755,19,6,LOSS
2755,18,12,LOSS
2755,10,9,LOSS
2755,14,15,WIN
2755,15,19,WIN
2755,16,14,LOSS
2755,18,19,WIN
2755,5,9,WIN
2755,11,15,WIN
2755,11,13,WIN
2755,14,20,WIN
2755,17,12,LOSS
2755,15,10,LOSS
2755,4,13,WIN
2755,12,19,WIN
2755,18,14,LOSS
2755,18,14,LOSS
2755,14,14,LOSS
2755,17,17,LOSS
2755,21,15,LOSS
2755,20,5,LOSS
2755,18,24,LOSS
2755,16,12,LOSS
2755,18,17,LOSS
2755,15,17,WIN
9926,14,12,LOSS
9926,20,20,LOSS
9926,10,12,WIN
9926,12,4,LOSS
9926,15,20,WIN
9926,12,23,LOSS
9926,11,25,LOSS
9926,14,15,WIN
9926,8,14,WIN
9926,17,27,LOSS
9926,8,21,WIN
9926,12,5,LOSS
9926,17,10,LOSS
9926,16,20,WIN
9926,12,15,WIN
9926,15,21,WIN
9926,19,21,WIN
9926,12,13,WIN
9926,20,17,LOSS
9926,20,18,LOSS
9926,17,17,LOSS
9926,19,27,LOSS
9926,15,7,LOSS
9926,12,13,WIN
9926,20,8,LOSS
9926,19,14,LOSS
9926,12,14,WIN
9926,21,18,LOSS
9926,8,10,WIN
9926,12,14,WIN
9926,12,17,WIN
9926,13,14,WIN
9926,13,12,LOSS
9926,10,20,WIN
9926,19,19,LOSS
9926,15,17,WIN
9926,14,13,LOSS
9926,20,19,LOSS
9926,16,20,WIN
9926,13,12,LOSS
9926,17,14,LOSS
9926,18,14,LOSS
9926,19,21,WIN
9926,18,14,LOSS
9926,11,22,LOSS
9926,8,21,WIN
9926,20,18,LOSS
9926,14,23,LOSS
9926,17,17,LOSS
9926,13,9,LOSS
9926,16,19,WIN
9926,12,14,WIN
9926,5,13,WIN
9926,8,15,WIN
9926,19,17,LOSS
9926,14,13,LOSS
9926,13,13,LOSS
9926,17,15,LOSS
9926,21,18,LOSS
9926,18,17,LOSS
9926,16,15,LOSS
7990,18,18,LOSS
7990,17,12,LOSS
7990,18,13,LOSS
7990,16,18,WIN
7990,14,15,WIN
7990,19,15,LOSS
7990,11,15,WIN
7990,16,19,WIN
7990,14,19,WIN
7990,12,14,WIN
7990,8,18,WIN
7990,19,20,WIN
7990,6,5,LOSS
7990,14,19,WIN
7990,14,19,WIN
7990,12,21,WIN
7990,13,25,LOSS
7990,7,14,WIN
7990,9,14,WIN
7990,11,15,WIN
7990,21,20,LOSS
7990,8,14,WIN
7990,10,13,WIN
7990,13,20,WIN
7990,16,18,WIN
7990,17,17,LOSS
7990,12,15,WIN
7990,20,17,LOSS
7990,15,20,WIN
7990,13,20,WIN
7990,21,13,LOSS
7990,16,20,WIN
7990,17,20,WIN
7990,11,19,WIN
7990,21,20,LOSS
7990,14,20,WIN
7990,16,9,LOSS
7990,13,19,WIN
7990,12,15,WIN
7990,5,15,WIN
7990,19,9,LOSS
7990,16,15,LOSS
7990,18,19,WIN
7990,13,12,LOSS
7990,15,19,WIN
7990,15,14,LOSS
7990,11,24,LOSS
7990,19,15,LOSS
7990,18,14,LOSS
7990,12,16,WIN
7990,14,14,LOSS
7990,21,12,LOSS
7990,12,12,LOSS
7990,14,17,WIN
7990,20,20,LOSS
7990,9,13,WIN
7990,16,16,LOSS
7990,14,15,WIN
7990,5,19,WIN
7990,12,9,LOSS
7990,17,17,LOSS
7990,13,15,WIN
7990,12,14,WIN
7233,13,20,WIN
7233,21,10,LOSS
7233,17,20,WIN
7233,12,12,LOSS
7233,13,13,LOSS
7233,7,14,WIN
7233,10,20,WIN
7233,20,13,LOSS
7233,19,15,LOSS
7233,14,23,LOSS
7233,20,12,LOSS
7233,20,13,LOSS
7233,20,19,LOSS
7233,14,13,LOSS
7233,8,14,WIN
7233,8,22,LOSS
7233,12,13,WIN
7233,8,15,WIN
7233,11,14,WIN
7233,15,12,LOSS
7233,19,12,LOSS
7233,12,12,LOSS
7233,17,13,LOSS
7233,16,17,WIN
7233,10,14,WIN
7233,15,20,WIN
7233,20,13,LOSS
7233,15,19,WIN
7233,14,25,LOSS
7233,17,13,LOSS
7233,15,17,WIN
7233,17,15,LOSS
7233,17,13,LOSS
7233,17,13,LOSS
7233,15,12,LOSS
7233,12,13,WIN
7233,15,10,LOSS
7233,20,13,LOSS
7233,20,13,LOSS
7233,8,12,WIN
7233,20,20,LOSS
7233,10,7,LOSS
7233,15,13,LOSS
7233,7,20,WIN
7233,19,19,LOSS
7233,12,17,WIN
7233,21,13,LOSS
7233,13,10,LOSS
7233,17,14,LOSS
7233,7,11,WIN
7233,17,20,WIN
7233,14,20,WIN
7233,14,26,LOSS
7233,20,17,LOSS
7233,11,13,WIN
7233,11,24,LOSS
7233,14,19,WIN
7233,9,12,WIN
7233,16,13,LOSS
7233,19,7,LOSS
7233,20,10,LOSS
7233,17,14,LOSS
7233,18,12,LOSS
5198,12,19,WIN
5198,16,18,WIN
5198,12,13,WIN
5198,18,20,WIN
5198,15,20,WIN
5198,17,21,WIN
5198,19,14,LOSS
5198,15,17,WIN
5198,12,12,LOSS
5198,12,14,WIN
5198,21,12,LOSS
5198,17,14,LOSS
5198,14,26,LOSS
5198,10,13,WIN
5198,16,26,LOSS
5198,19,18,LOSS
5198,16,18,WIN
5198,9,17,WIN
5198,15,15,LOSS
5198,15,18,WIN
5198,18,17,LOSS
5198,15,18,WIN
5198,8,12,WIN
5198,15,18,WIN
5198,19,12,LOSS
5198,7,21,WIN
5198,21,26,LOSS
5198,15,15,LOSS
5198,19,14,LOSS
5198,13,18,WIN
5198,12,12,LOSS
5198,6,18,WIN
5198,15,13,LOSS
5198,15,5,LOSS
5198,13,18,WIN
5198,19,14,LOSS
5198,5,13,WIN
5198,15,13,LOSS
5198,11,18,WIN
5198,18,17,LOSS
5198,4,13,WIN
5198,18,12,LOSS
5198,20,20,LOSS
5198,13,25,LOSS
5198,12,13,WIN
5198,19,20,WIN
5198,21,13,LOSS
5198,11,13,WIN
5198,11,23,LOSS
5198,17,10,LOSS
5198,17,15,LOSS
5198,13,9,LOSS
5198,20,16,LOSS
5198,18,9,LOSS
5198,16,15,LOSS
5198,11,14,WIN
5198,14,14,LOSS
5198,13,26,LOSS
5198,7,7,LOSS
5198,20,15,LOSS
5198,14,12,LOSS
5198,12,20,WIN
6162,14,14,LOSS
6162,16,10,LOSS
6162,12,15,WIN
6162,13,12,LOSS
6162,13,20,WIN
6162,17,15,LOSS
6162,11,8,LOSS
6162,14,15,WIN
6162,15,11,LOSS
6162,14,8,LOSS
6162,7,14,WIN
6162,14,10,LOSS
6162,13,26,LOSS
6162,11,19,WIN
6162,15,13,LOSS
6162,20,20,LOSS
6162,16,4,LOSS
6162,13,20,WIN
6162,13,20,WIN
6162,16,13,LOSS
6162,21,17,LOSS
6162,10,20,WIN
6162,19,14,LOSS
6162,14,18,WIN
6162,13,14,WIN
6162,18,13,LOSS
6162,16,21,WIN
6162,19,26,LOSS
6162,9,20,WIN
6162,16,12,LOSS
6162,12,5,LOSS
6162,16,20,WIN
6162,11,13,WIN
6162,21,13,LOSS
6162,17,15,LOSS
6162,11,19,WIN
6162,18,17,LOSS
6162,13,19,WIN
6162,17,20,WIN
6162,13,5,LOSS
6162,12,14,WIN
6162,15,10,LOSS
6162,9,21,WIN
6162,15,28,LOSS
6162,17,25,LOSS
6162,18,23,LOSS
6162,15,17,WIN
6162,21,20,LOSS
6162,19,21,WIN
6162,20,13,LOSS
6162,13,20,WIN
6162,17,20,WIN
6162,16,12,LOSS
6162,11,15,WIN
6162,21,20,LOSS
6162,12,7,LOSS
6162,18,13,LOSS
6162,15,17,WIN
6162,20,15,LOSS
6162,5,13,WIN
6162,20,20,LOSS
6162,14,23,LOSS
687,15,12,LOSS
687,14,9,LOSS
687,10,19,WIN
687,20,8,LOSS
687,13,14,WIN
687,21,13,LOSS
687,15,14,LOSS
687,15,12,LOSS
687,10,10,LOSS
687,13,17,WIN
687,14,14,LOSS
687,18,14,LOSS
687,13,12,LOSS
687,19,12,LOSS
687,12,12,LOSS
687,13,15,WIN
687,18,6,LOSS
687,14,19,WIN
687,9,20,WIN
687,19,5,LOSS
687,17,27,LOSS
687,20,15,LOSS
687,19,19,LOSS
687,17,15,LOSS
687,20,14,LOSS
687,15,12,LOSS
687,14,14,LOSS
687,20,15,LOSS
687,13,14,WIN
687,20,10,LOSS
687,13,15,WIN
687,10,18,WIN
687,12,18,WIN
687,8,23,LOSS
687,13,15,WIN
687,13,18,WIN
687,15,20,WIN
687,17,16,LOSS
687,9,14,WIN
687,18,5,LOSS
687,6,13,WIN
687,20,24,LOSS
687,20,15,LOSS
687,12,26,LOSS
687,13,4,LOSS
687,13,12,LOSS
687,20,17,LOSS
687,17,21,WIN
687,20,10,LOSS
687,16,17,WIN
687,10,20,WIN
687,20,14,LOSS
687,8,21,WIN
687,15,17,WIN
687,15,20,WIN
687,21,19,LOSS
687,13,5,LOSS
687,15,18,WIN
687,15,19,WIN
687,18,23,LOSS
687,13,27,LOSS
687,16,18,WIN
2487,20,14,LOSS
2487,12,12,LOSS
2487,11,15,WIN
2487,20,15,LOSS
2487,9,12,WIN
2487,15,13,LOSS
2487,11,13,WIN
2487,17,13,LOSS
2487,20,8,LOSS
2487,16,20,WIN
2487,5,13,WIN
2487,14,18,WIN
2487,10,17,WIN
2487,10,18,WIN
2487,7,12,WIN
2487,20,6,LOSS
2487,10,17,WIN
2487,10,15,WIN
2487,11,12,WIN
2487,12,15,WIN
2487,12,20,WIN
2487,21,20,LOSS
2487,20,6,LOSS
2487,6,19,WIN
2487,11,25,LOSS
2487,7,8,WIN
2487,19,17,LOSS
2487,18,15,LOSS
2487,15,19,WIN
2487,12,15,WIN
2487,20,15,LOSS
2487,18,13,LOSS
2487,4,13,WIN
2487,17,13,LOSS
2487,13,21,WIN
2487,15,18,WIN
2487,21,15,LOSS
2487,9,26,LOSS
2487,20,18,LOSS
2487,15,18,WIN
2487,14,19,WIN
2487,13,18,WIN
2487,10,17,WIN
2487,10,17,WIN
2487,17,20,WIN
2487,14,14,LOSS
2487,13,15,WIN
2487,18,10,LOSS
2487,20,15,LOSS
2487,20,26,LOSS
2487,16,17,WIN
2487,18,13,LOSS
2487,16,12,LOSS
2487,16,17,WIN
2487,16,5,LOSS
2487,12,17,WIN
2487,18,26,LOSS
2487,16,7,LOSS
2487,16,24,LOSS
2487,21,15,LOSS
2487,20,14,LOSS
2487,15,6,LOSS
9208,9,19,WIN
9208,16,9,LOSS
9208,14,20,WIN
9208,10,6,LOSS
9208,8,12,WIN
9208,19,20,WIN
9208,15,17,WIN
9208,9,14,WIN
9208,13,9,LOSS
9208,16,12,LOSS
9208,10,23,LOSS
9208,15,13,LOSS
9208,16,17,WIN
9208,15,14,LOSS
9208,5,13,WIN
9208,17,23,LOSS
9208,15,13,LOSS
9208,18,24,LOSS
9208,12,24,LOSS
9208,9,18,WIN
9208,13,15,WIN
9208,5,19,WIN
9208,12,15,WIN
9208,6,13,WIN
9208,20,18,LOSS
9208,21,14,LOSS
9208,13,13,LOSS
9208,18,15,LOSS
9208,18,15,LOSS
9208,7,13,WIN
9208,19,17,LOSS
9208,17,12,LOSS
9208,17,11,LOSS
9208,8,14,WIN
9208,12,12,LOSS
9208,15,12,LOSS
9208,19,12,LOSS
9208,20,14,LOSS
9208,12,22,LOSS
9208,13,13,LOSS
9208,14,19,WIN
9208,10,21,WIN
9208,9,20,WIN
9208,20,13,LOSS
9208,18,14,LOSS
9208,16,18,WIN
9208,11,17,WIN
9208,9,8,LOSS
9208,21,17,LOSS
9208,5,17,WIN
9208,21,12,LOSS
9208,5,17,WIN
9208,12,20,WIN
9208,14,17,WIN
9208,17,18,WIN
9208,17,12,LOSS
9208,16,13,LOSS
9208,17,13,LOSS
9208,11,14,WIN
9208,11,14,WIN
9208,14,17,WIN
9208,14,17,WIN
9208,15,7,LOSS
3403,16,24,LOSS
3403,20,19,LOSS
3403,14,9,LOSS
3403,10,14,WIN
3403,10,17,WIN
3403,9,21,WIN
3403,16,13,LOSS
3403,15,20,WIN
3403,19,21,WIN
3403,10,17,WIN
3403,14,13,LOSS
3403,16,20,WIN
3403,15,12,LOSS
3403,14,12,LOSS
3403,12,22,LOSS
3403,6,26,LOSS
3403,12,14,WIN
3403,7,9,WIN
3403,14,10,LOSS
3403,21,20,LOSS
3403,15,19,WIN
3403,4,14,WIN
3403,9,8,LOSS
3403,11,18,WIN
3403,16,15,LOSS
3403,18,10,LOSS
3403,19,5,LOSS
3403,7,10,WIN
3403,15,12,LOSS
3403,13,14,WIN
3403,5,17,WIN
3403,12,26,LOSS
3403,17,19,WIN
3403,15,12,LOSS
3403,20,8,LOSS
3403,7,18,WIN
3403,12,14,WIN
3403,9,12,WIN
3403,20,12,LOSS
3403,15,12,LOSS
3403,17,13,LOSS
3403,11,9,LOSS
3403,18,5,LOSS
3403,19,26,LOSS
3403,17,13,LOSS
3403,20,12,LOSS
3403,12,17,WIN
3403,19,19,LOSS
3403,20,15,LOSS
3403,19,21,WIN
3403,15,18,WIN
3403,16,8,LOSS
3403,16,25,LOSS
3403,15,21,WIN
3403,12,19,WIN
3403,15,14,LOSS
3403,13,20,WIN
3403,17,15,LOSS
3403,6,21,WIN
3403,10,20,WIN
3403,16,20,WIN
9144,18,19,WIN
9144,10,17,WIN
9144,15,17,WIN
9144,13,14,WIN
9144,21,8,LOSS
9144,20,9,LOSS
9144,15,18,WIN
9144,11,18,WIN
9144,21,14,LOSS
9144,7,9,WIN
9144,21,22,LOSS
9144,14,20,WIN
9144,20,12,LOSS
9144,6,12,WIN
9144,17,13,LOSS
9144,14,19,WIN
9144,16,15,LOSS
9144,16,13,LOSS
9144,20,12,LOSS
9144,21,18,LOSS
9144,20,8,LOSS
9144,20,20,LOSS
9144,11,19,WIN
9144,19,21,WIN
9144,17,17,LOSS
9144,6,18,WIN
9144,9,18,WIN
9144,18,14,LOSS
9144,11,15,WIN
9144,11,20,WIN
9144,17,23,LOSS
9144,16,13,LOSS
9144,15,17,WIN
9144,21,9,LOSS
9144,10,18,WIN
9144,16,20,WIN
9144,13,5,LOSS
9144,14,10,LOSS
9144,21,13,LOSS
9144,18,23,LOSS
9144,11,18,WIN
9144,12,17,WIN
9144,15,19,WIN
9144,12,13,WIN
9144,16,20,WIN
9144,12,15,WIN
9144,12,12,LOSS
9144,12,19,WIN
9144,11,17,WIN
9144,16,20,WIN
9144,17,12,LOSS
9144,21,18,LOSS
9144,9,9,LOSS
9144,13,13,LOSS
9144,16,10,LOSS
9144,11,7,LOSS
9144,21,6,LOSS
9144,20,16,LOSS
9144,10,14,WIN
9144,18,20,WIN
9144,7,19,WIN
9144,17,27,LOSS
9144,8,18,WIN
5241,17,20,WIN
5241,9,27,LOSS
5241,11,13,WIN
5241,16,9,LOSS
5241,10,23,LOSS
5241,19,15,LOSS
5241,13,15,WIN
5241,20,7,LOSS
5241,9,26,LOSS
5241,21,18,LOSS
5241,17,7,LOSS
5241,20,18,LOSS
5241,20,20,LOSS
5241,17,21,WIN
5241,19,14,LOSS
5241,21,9,LOSS
5241,19,13,LOSS
5241,11,9,LOSS
5241,20,20,LOSS
5241,20,13,LOSS
5241,15,18,WIN
5241,17,15,LOSS
5241,8,20,WIN
5241,18,12,LOSS
5241,14,17,WIN
5241,19,20,WIN
5241,13,15,WIN
5241,20,26,LOSS
5241,10,13,WIN
5241,11,27,LOSS
5241,20,19,LOSS
5241,19,20,WIN
5241,14,12,LOSS
5241,12,13,WIN
5241,20,15,LOSS
5241,17,17,LOSS
5241,11,15,WIN
5241,11,13,WIN
5241,7,22,LOSS
5241,17,20,WIN
5241,14,19,WIN
5241,16,6,LOSS
5241,13,18,WIN
5241,6,19,WIN
5241,16,12,LOSS
5241,20,14,LOSS
5241,15,15,LOSS
5241,12,17,WIN
5241,18,19,WIN
5241,16,17,WIN
5241,18,21,WIN
5241,6,10,WIN
5241,13,14,WIN
5241,20,17,LOSS
5241,8,14,WIN
5241,12,14,WIN
5241,19,6,LOSS
5241,12,8,LOSS
5241,15,21,WIN
5241,14,20,WIN
5241,10,18,WIN
2016,13,25,LOSS
2016,15,18,WIN
2016,13,19,WIN
2016,13,29,LOSS
2016,17,19,WIN
2016,17,14,LOSS
2016,13,18,WIN
2016,11,19,WIN
2016,20,18,LOSS
2016,12,14,WIN
2016,15,14,LOSS
2016,14,10,LOSS
2016,19,14,LOSS
2016,12,12,LOSS
2016,20,21,WIN
2016,20,16,LOSS
2016,6,17,WIN
2016,18,19,WIN
2016,13,17,WIN
2016,16,25,LOSS
2016,11,20,WIN
2016,18,16,LOSS
2016,16,20,WIN
2016,7,18,WIN
2016,15,13,LOSS
2016,21,18,LOSS
2016,14,14,LOSS
2016,12,7,LOSS
2016,15,15,LOSS
2016,12,14,WIN
2016,10,18,WIN
2016,18,14,LOSS
2016,11,12,WIN
2016,13,14,WIN
2016,20,17,LOSS
2016,5,14,WIN
2016,13,22,LOSS
2016,18,12,LOSS
2016,16,13,LOSS
2016,15,13,LOSS
2016,13,14,WIN
2016,13,13,LOSS
2016,8,23,LOSS
2016,14,19,WIN
2016,19,17,LOSS
2016,15,20,WIN
2016,14,19,WIN
2016,13,9,LOSS
2016,13,20,WIN
2016,12,20,WIN
2016,13,15,WIN
2016,17,12,LOSS
2016,17,12,LOSS
2016,13,7,LOSS
2016,6,24,LOSS
2016,15,10,LOSS
2016,17,17,LOSS
2016,21,10,LOSS
2016,12,19,WIN
2016,15,20,WIN
2016,17,6,LOSS
8584,20,24,LOSS
8584,16,5,LOSS
8584,16,26,LOSS
8584,21,19,LOSS
8584,16,14,LOSS
8584,14,8,LOSS
8584,20,12,LOSS
8584,19,20,WIN
8584,13,5,LOSS
8584,20,14,LOSS
8584,19,12,LOSS
8584,17,17,LOSS
8584,12,17,WIN
8584,20,20,LOSS
8584,9,21,WIN
8584,15,15,LOSS
8584,4,12,WIN
8584,12,20,WIN
8584,11,20,WIN
8584,14,14,LOSS
8584,15,24,LOSS
8584,9,13,WIN
8584,17,13,LOSS
8584,20,7,LOSS
8584,18,20,WIN
8584,13,12,LOSS
8584,8,19,WIN
8584,18,14,LOSS
8584,15,14,LOSS
8584,19,17,LOSS
8584,16,7,LOSS
8584,20,19,LOSS
8584,21,30,LOSS
8584,17,12,LOSS
8584,13,12,LOSS
8584,15,20,WIN
8584,20,9,LOSS
8584,20,13,LOSS
8584,13,18,WIN
8584,6,18,WIN
8584,14,12,LOSS
8584,20,15,LOSS
8584,14,16,WIN
8584,7,19,WIN
8584,16,21,WIN
8584,12,9,LOSS
8584,17,8,LOSS
8584,13,14,WIN
8584,21,18,LOSS
8584,5,11,WIN
8584,14,25,LOSS
8584,8,15,WIN
8584,12,15,WIN
8584,15,15,LOSS
8584,12,9,LOSS
8584,12,25,LOSS
8584,16,14,LOSS
8584,8,17,WIN
8584,17,13,LOSS
8584,17,13,LOSS
8584,12,14,WIN
8584,19,15,LOSS
1307,11,21,WIN
1307,21,8,LOSS
1307,8,12,WIN
1307,12,18,WIN
1307,18,24,LOSS
1307,12,10,LOSS
1307,16,18,WIN
1307,6,26,LOSS
1307,12,18,WIN
1307,13,17,WIN
1307,20,20,LOSS
1307,14,14,LOSS
1307,20,20,LOSS
1307,20,7,LOSS
1307,21,12,LOSS
1307,21,21,LOSS
1307,11,22,LOSS
1307,5,13,WIN
1307,20,14,LOSS
1307,15,17,WIN
1307,14,13,LOSS
1307,10,17,WIN
1307,19,16,LOSS
1307,15,9,LOSS
1307,14,12,LOSS
1307,12,8,LOSS
1307,12,19,WIN
1307,12,20,WIN
1307,15,12,LOSS
1307,11,12,WIN
1307,10,6,LOSS
1307,10,19,WIN
1307,8,14,WIN
1307,18,12,LOSS
1307,13,12,LOSS
1307,14,17,WIN
1307,19,10,LOSS
1307,18,23,LOSS
1307,13,13,LOSS
1307,17,15,LOSS
1307,18,19,WIN
1307,20,24,LOSS
1307,6,19,WIN
1307,15,14,LOSS
1307,16,14,LOSS
1307,20,21,WIN
1307,16,21,WIN
1307,19,20,WIN
1307,17,21,WIN
1307,15,9,LOSS
1307,11,18,WIN
1307,13,20,WIN
1307,14,10,LOSS
1307,16,21,WIN
1307,12,13,WIN
1307,12,15,WIN
1307,10,18,WIN
1307,14,24,LOSS
1307,14,24,LOSS
1307,15,21,WIN
6357,16,20,WIN
6357,7,15,WIN
6357,12,12,LOSS
6357,13,17,WIN
6357,10,8,LOSS
6357,17,15,LOSS
6357,20,7,LOSS
6357,15,4,LOSS
6357,18,24,LOSS
6357,7,20,WIN
6357,15,19,WIN
6357,15,10,LOSS
6357,14,15,WIN
6357,20,12,LOSS
6357,18,15,LOSS
6357,11,19,WIN
6357,16,21,WIN
6357,19,19,LOSS
6357,10,17,WIN
6357,10,18,WIN
6357,21,8,LOSS
6357,20,22,LOSS
6357,15,21,WIN
6357,13,15,WIN
6357,8,13,WIN
6357,16,12,LOSS
6357,11,13,WIN
6357,13,7,LOSS
6357,20,12,LOSS
6357,14,14,LOSS
6357,16,6,LOSS
6357,16,17,WIN
6357,14,13,LOSS
6357,12,23,LOSS
6357,21,13,LOSS
6357,17,15,LOSS
6357,21,14,LOSS
6357,11,18,WIN
6357,15,14,LOSS
6357,15,13,LOSS
6357,11,10,LOSS
6357,8,27,LOSS
6357,14,20,WIN
6357,17,18,WIN
6357,12,17,WIN
6357,15,12,LOSS
6357,18,19,WIN
6357,20,14,LOSS
6357,6,20,WIN
6357,12,16,WIN
6357,13,20,WIN
6357,15,17,WIN
6357,20,26,LOSS
6357,21,20,LOSS
6357,14,20,WIN
6357,15,13,LOSS
6357,6,12,WIN
6357,12,18,WIN
6357,11,18,WIN
6357,10,20,WIN
6357,14,19,WIN
7441,6,15,WIN
7441,15,18,WIN
7441,14,10,LOSS
7441,20,12,LOSS
7441,8,20,WIN
7441,8,17,WIN
7441,16,10,LOSS
7441,14,4,LOSS
7441,8,20,WIN
7441,4,5,WIN
7441,14,13,LOSS
7441,16,12,LOSS
7441,20,12,LOSS
7441,17,17,LOSS
7441,12,15,WIN
7441,19,20,WIN
7441,15,20,WIN
7441,10,25,LOSS
7441,20,13,LOSS
7441,13,6,LOSS
7441,20,21,WIN
7441,14,17,WIN
7441,19,12,LOSS
7441,15,19,WIN
7441,17,14,LOSS
7441,14,6,LOSS
7441,12,14,WIN
7441,15,15,LOSS
7441,10,13,WIN
7441,12,12,LOSS
7441,9,15,WIN
7441,16,20,WIN
7441,19,8,LOSS
7441,20,14,LOSS
7441,13,14,WIN
7441,19,15,LOSS
7441,8,4,LOSS
7441,20,18,LOSS
7441,16,19,WIN
7441,15,6,LOSS
7441,11,25,LOSS
7441,21,14,LOSS
7441,17,9,LOSS
7441,13,13,LOSS
7441,20,19,LOSS
7441,20,15,LOSS
7441,14,13,LOSS
7441,8,19,WIN
7441,11,20,WIN
7441,18,12,LOSS
7441,10,18,WIN
7441,11,19,WIN
7441,19,19,LOSS
7441,15,24,LOSS
7441,13,15,WIN
7441,11,15,WIN
7441,12,20,WIN
7441,15,20,WIN
7441,20,6,LOSS
7441,18,19,WIN
7441,8,18,WIN
7441,18,12,LOSS
7441,15,20,WIN
7441,7,12,WIN
5166,17,12,LOSS
5166,14,13,LOSS
5166,16,12,LOSS
5166,11,17,WIN
5166,20,20,LOSS
5166,19,20,WIN
5166,19,18,LOSS
5166,17,13,LOSS
5166,17,17,LOSS
5166,19,19,LOSS
5166,17,19,WIN
5166,15,22,LOSS
5166,8,10,WIN
5166,16,13,LOSS
5166,12,13,WIN
5166,16,17,WIN
5166,20,13,LOSS
5166,19,19,LOSS
5166,17,21,WIN
5166,11,17,WIN
5166,13,21,WIN
5166,20,26,LOSS
5166,17,9,LOSS
5166,18,14,LOSS
5166,14,17,WIN
5166,10,8,LOSS
5166,14,17,WIN
5166,14,12,LOSS
5166,15,17,WIN
5166,15,20,WIN
5166,13,26,LOSS
5166,20,21,WIN
5166,17,13,LOSS
5166,13,20,WIN
5166,17,22,LOSS
5166,20,7,LOSS
5166,10,26,LOSS
5166,13,19,WIN
5166,21,16,LOSS
5166,11,21,WIN
5166,14,21,WIN
5166,16,20,WIN
5166,18,20,WIN
5166,21,12,LOSS
5166,10,19,WIN
5166,13,17,WIN
5166,16,15,LOSS
5166,18,19,WIN
5166,12,20,WIN
5166,9,8,LOSS
5166,12,14,WIN
5166,13,13,LOSS
5166,4,15,WIN
5166,11,21,WIN
5166,15,14,LOSS
5166,14,17,WIN
5166,17,12,LOSS
5166,6,17,WIN
5166,20,8,LOSS
5166,13,18,WIN
9096,18,14,LOSS
9096,15,12,LOSS
